timeOpen,timeClose,timeHigh,timeLow,name,open,high,low,close,volume,marketCap,timestamp
"2024-09-10T00:00:00.000Z","2024-09-10T23:59:59.999Z","2024-09-10T18:46:00.000Z","2024-09-10T04:40:00.000Z","2781",4.0164894188,4.0756406207,3.9423768705,4.0401986618,151488396.07,4540845143.39,"2024-09-10T23:59:59.999Z"
"2024-09-09T00:00:00.000Z","2024-09-09T23:59:59.999Z","2024-09-09T21:17:00.000Z","2024-09-09T00:00:00.000Z","2781",3.7507839377,4.0778157423,3.7507839377,4.0164894188,216893421.19,4512775069.18,"2024-09-09T23:59:59.999Z"
"2024-09-08T00:00:00.000Z","2024-09-08T23:59:59.999Z","2024-09-08T22:31:00.000Z","2024-09-08T00:48:00.000Z","2781",3.6636895344,3.8099832269,3.6500540415,3.7507839377,140147215.27,4212969206.08,"2024-09-08T23:59:59.999Z"
"2024-09-07T00:00:00.000Z","2024-09-07T23:59:59.999Z","2024-09-07T17:02:00.000Z","2024-09-07T00:00:00.000Z","2781",3.5458947789,3.7443951827,3.5458947789,3.6636895344,127649057.29,4113900791.8,"2024-09-07T23:59:59.999Z"
"2024-09-06T00:00:00.000Z","2024-09-06T23:59:59.999Z","2024-09-06T13:01:00.000Z","2024-09-06T21:04:00.000Z","2781",3.7074046324,3.8039767645,3.4419976369,3.5458947789,233381244.5,3980758233.35,"2024-09-06T23:59:59.999Z"
"2024-09-05T00:00:00.000Z","2024-09-05T23:59:59.999Z","2024-09-05T00:31:00.000Z","2024-09-05T22:25:00.000Z","2781",3.8861528722,3.9210487348,3.6975572982,3.7074046324,149772373.97,4160780271.64,"2024-09-05T23:59:59.999Z"
"2024-09-04T00:00:00.000Z","2024-09-04T23:59:59.999Z","2024-09-04T16:35:00.000Z","2024-09-04T01:06:00.000Z","2781",3.7241248794,3.9364876458,3.5938549163,3.8861528722,205323266.03,4360059122.62,"2024-09-04T23:59:59.999Z"
"2024-09-03T00:00:00.000Z","2024-09-03T23:59:59.999Z","2024-09-03T02:19:00.000Z","2024-09-03T16:14:00.000Z","2781",3.9907993,4.0709559848,3.7186687447,3.7241248794,187694802.55,4177356575.16,"2024-09-03T23:59:59.999Z"
"2024-09-02T00:00:00.000Z","2024-09-02T23:59:59.999Z","2024-09-02T21:06:00.000Z","2024-09-02T00:11:00.000Z","2781",3.8516187688,4.0214043937,3.8419023453,3.9907993,187636526.12,4475249075.67,"2024-09-02T23:59:59.999Z"
"2024-09-01T00:00:00.000Z","2024-09-01T23:59:59.999Z","2024-09-01T20:08:00.000Z","2024-09-01T23:16:00.000Z","2781",4.0350164963,4.0696157939,3.8272523288,3.8516187688,162617536.73,4317868937.42,"2024-09-01T23:59:59.999Z"
"2024-08-31T00:00:00.000Z","2024-08-31T23:59:59.999Z","2024-08-31T04:35:00.000Z","2024-08-31T17:52:00.000Z","2781",4.1167557472,4.1589366696,3.9833859795,4.0350164963,124318147.56,4522348938.47,"2024-08-31T23:59:59.999Z"
"2024-08-30T00:00:00.000Z","2024-08-30T23:59:59.999Z","2024-08-30T09:56:00.000Z","2024-08-30T16:28:00.000Z","2781",4.2168095381,4.3038205729,3.9524379082,4.1167557472,212264843.17,4612933027.76,"2024-08-30T23:59:59.999Z"
"2024-08-29T00:00:00.000Z","2024-08-29T23:59:59.999Z","2024-08-29T14:49:00.000Z","2024-08-29T22:11:00.000Z","2781",4.3453954264,4.5394248247,4.1399193635,4.2167895381,208639458,4723594454.17,"2024-08-29T23:59:59.999Z"
"2024-08-28T00:00:00.000Z","2024-08-28T23:59:59.999Z","2024-08-28T04:26:00.000Z","2024-08-28T16:37:00.000Z","2781",4.5303255561,4.5990962185,4.2348519082,4.3453954264,302833967.42,4866534628.31,"2024-08-28T23:59:59.999Z"
"2024-08-27T00:00:00.000Z","2024-08-27T23:59:59.999Z","2024-08-27T06:16:00.000Z","2024-08-27T22:37:00.000Z","2781",4.7829181007,5.0075408739,4.4484871268,4.5303255561,300524768.69,5072437663,"2024-08-27T23:59:59.999Z"
"2024-08-26T00:00:00.000Z","2024-08-26T23:59:59.999Z","2024-08-26T00:13:00.000Z","2024-08-26T18:20:00.000Z","2781",4.9105731451,5.0014344206,4.7168658385,4.7829181007,218846699.13,5353647508.33,"2024-08-26T23:59:59.999Z"
"2024-08-25T00:00:00.000Z","2024-08-25T23:59:59.999Z","2024-08-25T00:06:00.000Z","2024-08-25T07:52:00.000Z","2781",5.0445455305,5.0659205669,4.7991039958,4.910555288,211804587.23,5494848115.19,"2024-08-25T23:59:59.999Z"
"2024-08-24T00:00:00.000Z","2024-08-24T23:59:59.999Z","2024-08-24T20:01:00.000Z","2024-08-24T01:41:00.000Z","2781",4.8290367929,5.2471005433,4.752159653,5.0445455305,233240361.1,5643015495.54,"2024-08-24T23:59:59.999Z"
"2024-08-23T00:00:00.000Z","2024-08-23T23:59:59.999Z","2024-08-23T23:43:00.000Z","2024-08-23T00:00:00.000Z","2781",4.3016921725,4.8521251833,4.3016403161,4.8290367929,328371107.47,5400720889.1,"2024-08-23T23:59:59.999Z"
"2024-08-22T00:00:00.000Z","2024-08-22T23:59:59.999Z","2024-08-22T15:07:00.000Z","2024-08-22T02:55:00.000Z","2781",4.2469692796,4.3758527759,4.1749960123,4.3016921725,164675886.68,4809432028.05,"2024-08-22T23:59:59.999Z"
"2024-08-21T00:00:00.000Z","2024-08-21T23:59:59.999Z","2024-08-21T21:37:00.000Z","2024-08-21T01:23:00.000Z","2781",4.0007155239,4.3001892715,3.9729950431,4.2469692796,190710478.53,4746740754.19,"2024-08-21T23:59:59.999Z"
"2024-08-20T00:00:00.000Z","2024-08-20T23:59:59.999Z","2024-08-20T14:01:00.000Z","2024-08-20T15:13:00.000Z","2781",3.9999997358,4.1422200054,3.9576261718,4.0344735757,151229672.72,4508208390.63,"2024-08-20T23:59:59.999Z"
"2024-08-19T00:00:00.000Z","2024-08-19T23:59:59.999Z","2024-08-19T23:42:00.000Z","2024-08-19T10:12:00.000Z","2781",3.9035203989,4.0038032122,3.8399877291,3.9999997358,142606809.48,4468254944.9,"2024-08-19T23:59:59.999Z"
"2024-08-18T00:00:00.000Z","2024-08-18T23:59:59.999Z","2024-08-18T13:46:00.000Z","2024-08-18T23:59:00.000Z","2781",3.988818116,4.0646790486,3.9035203989,3.9035203989,117462835.8,4359484339.85,"2024-08-18T23:59:59.999Z"
"2024-08-17T00:00:00.000Z","2024-08-17T23:59:59.999Z","2024-08-17T17:12:00.000Z","2024-08-17T11:04:00.000Z","2781",3.9729195984,4.0215459146,3.9382756281,3.988818116,97229085.84,4453308275.23,"2024-08-17T23:59:59.999Z"
"2024-08-16T00:00:00.000Z","2024-08-16T23:59:59.999Z","2024-08-16T06:52:00.000Z","2024-08-16T15:37:00.000Z","2781",4.0275072846,4.0686647555,3.8362433214,3.9729195984,161106264.65,4434117022.84,"2024-08-16T23:59:59.999Z"
"2024-08-15T00:00:00.000Z","2024-08-15T23:59:59.999Z","2024-08-15T13:37:00.000Z","2024-08-15T19:37:00.000Z","2781",4.1686412612,4.2412492182,3.9425538536,4.0274855454,185556563.12,4493364456.79,"2024-08-15T23:59:59.999Z"
"2024-08-14T00:00:00.000Z","2024-08-14T23:59:59.999Z","2024-08-14T12:46:00.000Z","2024-08-14T22:10:00.000Z","2781",4.3059396494,4.3217880778,4.1138128041,4.1686412612,178174681.76,4650095844.96,"2024-08-14T23:59:59.999Z"
"2024-08-13T00:00:00.000Z","2024-08-13T23:59:59.999Z","2024-08-13T19:59:00.000Z","2024-08-13T10:26:00.000Z","2781",4.1120741865,4.4052852728,3.9434060834,4.3059396494,215708046.86,4808091347.09,"2024-08-13T23:59:59.999Z"
"2024-08-12T00:00:00.000Z","2024-08-12T23:59:59.999Z","2024-08-12T23:22:00.000Z","2024-08-12T07:22:00.000Z","2781",3.867145262,4.1301808225,3.8365283629,4.1120741865,211642342.42,4574206773.78,"2024-08-12T23:59:59.999Z"
"2024-08-11T00:00:00.000Z","2024-08-11T23:59:59.999Z","2024-08-11T03:34:00.000Z","2024-08-11T20:10:00.000Z","2781",4.1648765305,4.2126127729,3.8465075164,3.867145262,196078771.9,4293825721.33,"2024-08-11T23:59:59.999Z"
"2024-08-10T00:00:00.000Z","2024-08-10T23:59:59.999Z","2024-08-10T18:47:00.000Z","2024-08-10T04:52:00.000Z","2781",4.0554446721,4.2514742262,3.9649973695,4.1648693967,156477680.32,4623013815.17,"2024-08-10T23:59:59.999Z"
"2024-08-09T00:00:00.000Z","2024-08-09T23:59:59.999Z","2024-08-09T02:29:00.000Z","2024-08-09T14:41:00.000Z","2781",4.0636481432,4.1578604778,3.9251186515,4.0554446721,214236139.28,4500173705.47,"2024-08-09T23:59:59.999Z"
"2024-08-08T00:00:00.000Z","2024-08-08T23:59:59.999Z","2024-08-08T23:25:00.000Z","2024-08-08T00:43:00.000Z","2781",3.564697978,4.0803888366,3.4799104478,4.0636481432,266587201.85,4894225590.84,"2024-08-08T23:59:59.999Z"
"2024-08-07T00:00:00.000Z","2024-08-07T23:59:59.999Z","2024-08-07T10:38:00.000Z","2024-08-07T18:58:00.000Z","2781",3.6711440838,3.8720359158,3.5103835587,3.5647065886,267748665.79,3954823575.39,"2024-08-07T23:59:59.999Z"
"2024-08-06T00:00:00.000Z","2024-08-06T23:59:59.999Z","2024-08-06T22:19:00.000Z","2024-08-06T13:53:00.000Z","2781",3.5290083921,3.8011112009,3.5033214741,3.6711440838,326066441.45,4071684288.49,"2024-08-06T23:59:59.999Z"
"2024-08-05T00:00:00.000Z","2024-08-05T23:59:59.999Z","2024-08-05T00:19:00.000Z","2024-08-05T13:31:00.000Z","2781",4.1329360448,4.1714891217,3.0831665812,3.5290225931,887055909.7,3912870812.68,"2024-08-05T23:59:59.999Z"
"2024-08-04T00:00:00.000Z","2024-08-04T23:59:59.999Z","2024-08-04T02:35:00.000Z","2024-08-04T17:46:00.000Z","2781",4.3653724732,4.4385263546,4.0070762692,4.1329360448,237776667.59,4581466483.38,"2024-08-04T23:59:59.999Z"
"2024-08-03T00:00:00.000Z","2024-08-03T23:59:59.999Z","2024-08-03T07:35:00.000Z","2024-08-03T20:11:00.000Z","2781",4.5977347976,4.7161204179,4.2520633077,4.3653724732,223855411.37,4837672414.6,"2024-08-03T23:59:59.999Z"
"2024-08-02T00:00:00.000Z","2024-08-02T23:59:59.999Z","2024-08-02T00:22:00.000Z","2024-08-02T23:43:00.000Z","2781",4.9877977873,5.0291593189,4.5764690763,4.5977347976,271801602.42,5093637548.67,"2024-08-02T23:59:59.999Z"
"2024-08-01T00:00:00.000Z","2024-08-01T23:59:59.999Z","2024-08-01T13:01:00.000Z","2024-08-01T18:13:00.000Z","2781",4.994345589,5.1234080178,4.6728934754,4.9877977873,272350471.45,5524076548.05,"2024-08-01T23:59:59.999Z"
"2024-07-31T00:00:00.000Z","2024-07-31T23:59:59.999Z","2024-07-31T13:43:00.000Z","2024-07-31T23:22:00.000Z","2781",5.1530840131,5.2848367387,4.9738361536,4.994345589,190605661.26,5529646156.78,"2024-07-31T23:59:59.999Z"
"2024-07-30T00:00:00.000Z","2024-07-30T23:59:59.999Z","2024-07-30T07:47:00.000Z","2024-07-30T20:11:00.000Z","2781",5.2795862622,5.3654306121,5.0834535856,5.1530816804,165218788.69,5704139326.87,"2024-07-30T23:59:59.999Z"
"2024-07-29T00:00:00.000Z","2024-07-29T23:59:59.999Z","2024-07-29T03:07:00.000Z","2024-07-29T23:55:00.000Z","2781",5.4491303614,5.7016192001,5.2736788134,5.2795862622,244834079.06,5842387095.54,"2024-07-29T23:59:59.999Z"
"2024-07-28T00:00:00.000Z","2024-07-28T23:59:59.999Z","2024-07-28T00:00:00.000Z","2024-07-28T23:16:00.000Z","2781",5.6848178898,5.6848178898,5.4009821308,5.4491380236,144939451.68,6028166293.3,"2024-07-28T23:59:59.999Z"
"2024-07-27T00:00:00.000Z","2024-07-27T23:59:59.999Z","2024-07-27T14:05:00.000Z","2024-07-27T20:27:00.000Z","2781",5.724640301,5.934822663,5.5544106289,5.6848178898,214967751.72,6287010131.52,"2024-07-27T23:59:59.999Z"
"2024-07-26T00:00:00.000Z","2024-07-26T23:59:59.999Z","2024-07-26T17:19:00.000Z","2024-07-26T00:38:00.000Z","2781",5.4237864044,5.8174019561,5.4002144161,5.724640301,213354684.78,6329130104.26,"2024-07-26T23:59:59.999Z"
"2024-07-25T00:00:00.000Z","2024-07-25T23:59:59.999Z","2024-07-25T05:22:00.000Z","2024-07-25T20:13:00.000Z","2781",5.6165921541,5.7258155594,5.1428843192,5.4237760082,327731094.3,5995164425.35,"2024-07-25T23:59:59.999Z"
"2024-07-24T00:00:00.000Z","2024-07-24T23:59:59.999Z","2024-07-24T11:01:00.000Z","2024-07-24T23:08:00.000Z","2781",5.7690646214,5.9990235524,5.5506220601,5.6165921541,218711487.72,6206368675.78,"2024-07-24T23:59:59.999Z"
"2024-07-23T00:00:00.000Z","2024-07-23T23:59:59.999Z","2024-07-23T01:34:00.000Z","2024-07-23T17:13:00.000Z","2781",6.0314476775,6.0869788498,5.7124474153,5.7690373082,227000411.95,6372905680.9,"2024-07-23T23:59:59.999Z"
"2024-07-22T00:00:00.000Z","2024-07-22T23:59:59.999Z","2024-07-22T00:55:00.000Z","2024-07-22T23:13:00.000Z","2781",6.3373805645,6.4489780736,6.0052375937,6.0314476775,263721158.37,6660747613.06,"2024-07-22T23:59:59.999Z"
"2024-07-21T00:00:00.000Z","2024-07-21T23:59:59.999Z","2024-07-21T22:11:00.000Z","2024-07-21T18:14:00.000Z","2781",6.2903650454,6.371138822,5.9573481475,6.3373805645,266087955.47,6997038406.11,"2024-07-21T23:59:59.999Z"
"2024-07-20T00:00:00.000Z","2024-07-20T23:59:59.999Z","2024-07-20T00:09:00.000Z","2024-07-20T22:56:00.000Z","2781",6.4374683428,6.440566445,6.2451020166,6.2903551533,182131118.53,6943015279.99,"2024-07-20T23:59:59.999Z"
"2024-07-19T00:00:00.000Z","2024-07-19T23:59:59.999Z","2024-07-19T21:16:00.000Z","2024-07-19T01:22:00.000Z","2781",6.0348549724,6.4414271301,5.8663762893,6.4374862339,321518189.23,7103258611.42,"2024-07-19T23:59:59.999Z"
"2024-07-18T00:00:00.000Z","2024-07-18T23:59:59.999Z","2024-07-18T03:21:00.000Z","2024-07-18T16:04:00.000Z","2781",6.0756910829,6.2297278831,5.8905971445,6.0345669178,254911740.15,6656647936.52,"2024-07-18T23:59:59.999Z"
"2024-07-17T00:00:00.000Z","2024-07-17T23:59:59.999Z","2024-07-17T02:46:00.000Z","2024-07-17T16:49:00.000Z","2781",6.2445452686,6.4811827091,6.0215919713,6.0748459481,357405293.75,6699065583.15,"2024-07-17T23:59:59.999Z"
"2024-07-16T00:00:00.000Z","2024-07-16T23:59:59.999Z","2024-07-16T23:44:00.000Z","2024-07-16T01:11:00.000Z","2781",5.9323433505,6.2690506606,5.8712793405,6.2437351727,506246242.62,6883767721.81,"2024-07-16T23:59:59.999Z"
"2024-07-15T00:00:00.000Z","2024-07-15T23:59:59.999Z","2024-07-15T22:47:00.000Z","2024-07-15T00:18:00.000Z","2781",5.4003199777,5.9891310168,5.3708372948,5.9365380234,333282543.06,6543086479.07,"2024-07-15T23:59:59.999Z"
"2024-07-14T00:00:00.000Z","2024-07-14T23:59:59.999Z","2024-07-14T09:34:00.000Z","2024-07-14T00:35:00.000Z","2781",5.2086932855,5.4790950103,5.2053232965,5.3991208201,227103199.04,5949715489.14,"2024-07-14T23:59:59.999Z"
"2024-07-13T00:00:00.000Z","2024-07-13T23:59:59.999Z","2024-07-13T23:22:00.000Z","2024-07-13T22:28:00.000Z","2781",5.1834338318,5.3275808664,5.1115467133,5.2087921786,159075040.17,5715844506.56,"2024-07-13T23:59:59.999Z"
"2024-07-12T00:00:00.000Z","2024-07-12T23:59:59.999Z","2024-07-12T23:56:00.000Z","2024-07-12T10:23:00.000Z","2781",4.9284678879,5.1841694013,4.750677889,5.1835260464,273725087.02,5898288491.8,"2024-07-12T23:59:59.999Z"
"2024-07-11T00:00:00.000Z","2024-07-11T23:59:59.999Z","2024-07-11T18:25:00.000Z","2024-07-11T03:22:00.000Z","2781",4.627738873,5.0535536233,4.559144414,4.9285574322,306977126.3,5405487015.25,"2024-07-11T23:59:59.999Z"
"2024-07-10T00:00:00.000Z","2024-07-10T23:59:59.999Z","2024-07-10T16:19:00.000Z","2024-07-10T01:06:00.000Z","2781",4.5303281994,4.736055543,4.4691153207,4.628054931,207800181.54,5074389389.46,"2024-07-10T23:59:59.999Z"
"2024-07-09T00:00:00.000Z","2024-07-09T23:59:59.999Z","2024-07-09T20:52:00.000Z","2024-07-09T15:26:00.000Z","2781",4.4719540439,4.5924367013,4.3903092131,4.5301142834,266482340.1,4965429422.77,"2024-07-09T23:59:59.999Z"
"2024-07-08T00:00:00.000Z","2024-07-08T23:59:59.999Z","2024-07-08T13:25:00.000Z","2024-07-08T01:19:00.000Z","2781",4.4006581107,4.7418504687,4.1953124484,4.4723274238,343310464.57,4900575771.29,"2024-07-08T23:59:59.999Z"
"2024-07-07T00:00:00.000Z","2024-07-07T23:59:59.999Z","2024-07-07T02:25:00.000Z","2024-07-07T23:52:00.000Z","2781",4.8154089442,4.825143673,4.3845629387,4.3993174121,199257205.93,4819688257.15,"2024-07-07T23:59:59.999Z"
"2024-07-06T00:00:00.000Z","2024-07-06T23:59:59.999Z","2024-07-06T23:31:00.000Z","2024-07-06T02:13:00.000Z","2781",4.4187747559,4.8489213201,4.385978488,4.8157940311,196490174.61,5269937966.4,"2024-07-06T23:59:59.999Z"
"2024-07-05T00:00:00.000Z","2024-07-05T23:59:59.999Z","2024-07-05T00:01:00.000Z","2024-07-05T09:05:00.000Z","2781",4.6190452736,4.6196972813,4.0481598066,4.4178973207,549808836.94,4834518393.38,"2024-07-05T23:59:59.999Z"
"2024-07-04T00:00:00.000Z","2024-07-04T23:59:59.999Z","2024-07-04T00:43:00.000Z","2024-07-04T23:59:00.000Z","2781",5.0281657073,5.0769396288,4.6191618022,4.6191618022,391557782.18,5054762723.85,"2024-07-04T23:59:59.999Z"
"2024-07-03T00:00:00.000Z","2024-07-03T23:59:59.999Z","2024-07-03T00:25:00.000Z","2024-07-03T21:22:00.000Z","2781",5.5121189399,5.562869854,4.9911820667,5.0280161178,252909920.74,5502084332,"2024-07-03T23:59:59.999Z"
"2024-07-02T00:00:00.000Z","2024-07-02T23:59:59.999Z","2024-07-02T23:04:00.000Z","2024-07-02T00:19:00.000Z","2781",5.2629304421,5.5875035784,5.2393653077,5.5125144779,244359657.57,6030126401.43,"2024-07-02T23:59:59.999Z"
"2024-07-01T00:00:00.000Z","2024-07-01T23:59:59.999Z","2024-07-01T07:19:00.000Z","2024-07-01T14:13:00.000Z","2781",5.3000647445,5.3812569576,5.2120021555,5.2629924374,184746615.78,5755347106.17,"2024-07-01T23:59:59.999Z"
"2024-06-30T00:00:00.000Z","2024-06-30T23:59:59.999Z","2024-06-30T23:28:00.000Z","2024-06-30T02:46:00.000Z","2781",4.952688761,5.3440830566,4.8789250457,5.3020494381,198951699.27,5796731758.85,"2024-06-30T23:59:59.999Z"
"2024-06-29T00:00:00.000Z","2024-06-29T23:59:59.999Z","2024-06-29T15:58:00.000Z","2024-06-29T22:49:00.000Z","2781",4.9583679045,5.0338064641,4.9245950088,4.9524172764,121528404.5,5412769823.61,"2024-06-29T23:59:59.999Z"
"2024-06-28T00:00:00.000Z","2024-06-28T23:59:59.999Z","2024-06-28T01:40:00.000Z","2024-06-28T21:14:00.000Z","2781",5.2127663413,5.2279469975,4.873423097,4.958115902,229821931.22,5417265641.21,"2024-06-28T23:59:59.999Z"
"2024-06-27T00:00:00.000Z","2024-06-27T23:59:59.999Z","2024-06-27T14:16:00.000Z","2024-06-27T07:49:00.000Z","2781",5.1747008173,5.3604261229,5.078159934,5.2122780664,229469269.6,5693660279.82,"2024-06-27T23:59:59.999Z"
"2024-06-26T00:00:00.000Z","2024-06-26T23:59:59.999Z","2024-06-26T02:19:00.000Z","2024-06-26T17:11:00.000Z","2781",5.4224419937,5.5076169859,5.1657131109,5.1750038533,210770177.21,5651139025.2,"2024-06-26T23:59:59.999Z"
"2024-06-25T00:00:00.000Z","2024-06-25T23:59:59.999Z","2024-06-25T12:37:00.000Z","2024-06-25T00:31:00.000Z","2781",5.3733339737,5.6222599422,5.3153529655,5.4211983256,287740364.23,5918115984.21,"2024-06-25T23:59:59.999Z"
"2024-06-24T00:00:00.000Z","2024-06-24T23:59:59.999Z","2024-06-24T10:10:00.000Z","2024-06-24T05:52:00.000Z","2781",5.1872825756,5.5849165332,5.0387550304,5.3728308939,599265811.79,5863991518.21,"2024-06-24T23:59:59.999Z"
"2024-06-23T00:00:00.000Z","2024-06-23T23:59:59.999Z","2024-06-23T12:49:00.000Z","2024-06-23T22:38:00.000Z","2781",5.1836933582,5.4338696545,5.114265901,5.187487277,215643601.33,5659948839.09,"2024-06-23T23:59:59.999Z"
"2024-06-22T00:00:00.000Z","2024-06-22T23:59:59.999Z","2024-06-22T00:04:00.000Z","2024-06-22T20:14:00.000Z","2781",5.4053091534,5.4157140216,5.118905568,5.1849454853,176324264.79,5655423964.75,"2024-06-22T23:59:59.999Z"
"2024-06-21T00:00:00.000Z","2024-06-21T23:59:59.999Z","2024-06-21T23:05:00.000Z","2024-06-21T00:22:00.000Z","2781",5.1597764016,5.4338781879,5.098996947,5.4070169395,359689035.46,5895812190.03,"2024-06-21T23:59:59.999Z"
"2024-06-20T00:00:00.000Z","2024-06-20T23:59:59.999Z","2024-06-20T11:31:00.000Z","2024-06-20T00:10:00.000Z","2781",4.9585075736,5.4875115175,4.9279524962,5.1596753522,416393957.74,5625082114.13,"2024-06-20T23:59:59.999Z"
"2024-06-19T00:00:00.000Z","2024-06-19T23:59:59.999Z","2024-06-19T17:25:00.000Z","2024-06-19T00:33:00.000Z","2781",4.7312561545,5.0939159569,4.6674550679,4.9585075736,290190708.51,5404819909.82,"2024-06-19T23:59:59.999Z"
"2024-06-18T00:00:00.000Z","2024-06-18T23:59:59.999Z","2024-06-18T00:04:00.000Z","2024-06-18T18:04:00.000Z","2781",5.1705249344,5.1741939637,4.4614796112,4.7316802114,499927070.21,5155299231.88,"2024-06-18T23:59:59.999Z"
"2024-06-17T00:00:00.000Z","2024-06-17T23:59:59.999Z","2024-06-17T00:41:00.000Z","2024-06-17T16:22:00.000Z","2781",5.6398973279,5.7181003059,5.0348439772,5.1716205697,335353578.71,5632882926.46,"2024-06-17T23:59:59.999Z"
"2024-06-16T00:00:00.000Z","2024-06-16T23:59:59.999Z","2024-06-16T22:10:00.000Z","2024-06-16T04:23:00.000Z","2781",5.6011396334,5.7210617015,5.5020609743,5.6395720618,148625621.48,6141142466.44,"2024-06-16T23:59:59.999Z"
"2024-06-15T00:00:00.000Z","2024-06-15T23:59:59.999Z","2024-06-15T15:22:00.000Z","2024-06-15T01:43:00.000Z","2781",5.5838886112,5.6919102602,5.5163442222,5.6009743474,143186139.01,6097157114.71,"2024-06-15T23:59:59.999Z"
"2024-06-14T00:00:00.000Z","2024-06-14T23:59:59.999Z","2024-06-14T12:22:00.000Z","2024-06-14T18:25:00.000Z","2781",5.9188864572,6.0004448613,5.4572978815,5.5840301858,332585203.34,6076765511.97,"2024-06-14T23:59:59.999Z"
"2024-06-13T00:00:00.000Z","2024-06-13T23:59:59.999Z","2024-06-13T00:00:00.000Z","2024-06-13T21:13:00.000Z","2781",6.4000893959,6.4000893959,5.8622893574,5.9196656731,263046013.04,6440534782.52,"2024-06-13T23:59:59.999Z"
"2024-06-12T00:00:00.000Z","2024-06-12T23:59:59.999Z","2024-06-12T13:10:00.000Z","2024-06-12T01:50:00.000Z","2781",6.0654491223,6.6996377695,5.8869950948,6.3997794342,358974592.95,6933192775.18,"2024-06-12T23:59:59.999Z"
"2024-06-11T00:00:00.000Z","2024-06-11T23:59:59.999Z","2024-06-11T00:07:00.000Z","2024-06-11T17:29:00.000Z","2781",6.391200193,6.396449134,6.0190806446,6.065759883,351514341.86,6577619467.46,"2024-06-11T23:59:59.999Z"
"2024-06-10T00:00:00.000Z","2024-06-10T23:59:59.999Z","2024-06-10T15:55:00.000Z","2024-06-10T20:14:00.000Z","2781",6.5908668303,6.6257510783,6.3510642711,6.390912019,324126239.36,6928673955.95,"2024-06-10T23:59:59.999Z"
"2024-06-09T00:00:00.000Z","2024-06-09T23:59:59.999Z","2024-06-09T01:07:00.000Z","2024-06-09T13:44:00.000Z","2781",6.57143047,6.6862855966,6.5210875911,6.5912915364,234296261.55,7143692579.42,"2024-06-09T23:59:59.999Z"
"2024-06-08T00:00:00.000Z","2024-06-08T23:59:59.999Z","2024-06-08T03:43:00.000Z","2024-06-08T22:30:00.000Z","2781",6.879249803,6.9019777108,6.4879623191,6.571623672,235556503.23,7120174744.76,"2024-06-08T23:59:59.999Z"
"2024-06-07T00:00:00.000Z","2024-06-07T23:59:59.999Z","2024-06-07T13:52:00.000Z","2024-06-07T18:16:00.000Z","2781",7.3339106385,7.4377965712,6.2596629799,6.8800460546,496082105.84,7452685304.78,"2024-06-07T23:59:59.999Z"
"2024-06-06T00:00:00.000Z","2024-06-06T23:59:59.999Z","2024-06-06T00:38:00.000Z","2024-06-06T20:04:00.000Z","2781",7.655090179,7.6744234189,7.2470334902,7.3339106385,214474286.34,7941839862.34,"2024-06-06T23:59:59.999Z"
"2024-06-05T00:00:00.000Z","2024-06-05T23:59:59.999Z","2024-06-05T06:43:00.000Z","2024-06-05T00:01:00.000Z","2781",7.4250750372,7.704233207,7.4244042216,7.655090179,263736479.5,8287075454.82,"2024-06-05T23:59:59.999Z"
"2024-06-04T00:00:00.000Z","2024-06-04T23:59:59.999Z","2024-06-04T18:33:00.000Z","2024-06-04T06:07:00.000Z","2781",7.1186871531,7.4658673565,7.0118902949,7.4250750372,291371245.89,8036274373.14,"2024-06-04T23:59:59.999Z"
"2024-06-03T00:00:00.000Z","2024-06-03T23:59:59.999Z","2024-06-03T07:12:00.000Z","2024-06-03T23:46:00.000Z","2781",7.1942235426,7.3703627201,7.0956166425,7.1186871531,271571931.49,7702285810.76,"2024-06-03T23:59:59.999Z"
"2024-06-02T00:00:00.000Z","2024-06-02T23:59:59.999Z","2024-06-02T11:54:00.000Z","2024-06-02T18:06:00.000Z","2781",7.3696268874,7.4929245368,7.133329437,7.1942259961,235352588.4,7781565045.27,"2024-06-02T23:59:59.999Z"
"2024-06-01T00:00:00.000Z","2024-06-01T23:59:59.999Z","2024-06-01T21:52:00.000Z","2024-06-01T06:17:00.000Z","2781",7.2486547629,7.4275980122,7.1772464127,7.3696293574,164788010.07,7969498914.49,"2024-06-01T23:59:59.999Z"
"2024-05-31T00:00:00.000Z","2024-05-31T23:59:59.999Z","2024-05-31T12:40:00.000Z","2024-05-31T16:11:00.000Z","2781",7.2821206325,7.4269475798,7.0891271849,7.2486547629,312342240.42,7836195380.82,"2024-05-31T23:59:59.999Z"
"2024-05-30T00:00:00.000Z","2024-05-30T23:59:59.999Z","2024-05-30T04:37:00.000Z","2024-05-30T08:16:00.000Z","2781",7.5704585267,7.6424200916,7.2289936755,7.2821206325,330997459.54,7869892105.79,"2024-05-30T23:59:59.999Z"
"2024-05-29T00:00:00.000Z","2024-05-29T23:59:59.999Z","2024-05-29T04:37:00.000Z","2024-05-29T16:10:00.000Z","2781",7.7052209742,7.8141350087,7.5478530529,7.5704579047,302345383.26,8179656844.61,"2024-05-29T23:59:59.999Z"
"2024-05-28T00:00:00.000Z","2024-05-28T23:59:59.999Z","2024-05-28T09:40:00.000Z","2024-05-28T16:36:00.000Z","2781",7.8175154596,7.9531599547,7.5294687574,7.7052209742,596384642.47,8322642627,"2024-05-28T23:59:59.999Z"
"2024-05-27T00:00:00.000Z","2024-05-27T23:59:59.999Z","2024-05-27T01:50:00.000Z","2024-05-27T12:54:00.000Z","2781",7.8053723625,7.9655151373,7.6974780087,7.8175154596,477678430.22,8442166183.62,"2024-05-27T23:59:59.999Z"
"2024-05-26T00:00:00.000Z","2024-05-26T23:59:59.999Z","2024-05-26T01:13:00.000Z","2024-05-26T21:34:00.000Z","2781",8.2373505083,8.3706287597,7.7883478435,7.8053723625,426054820.1,8426302402.09,"2024-05-26T23:59:59.999Z"
"2024-05-25T00:00:00.000Z","2024-05-25T23:59:59.999Z","2024-05-25T22:10:00.000Z","2024-05-25T01:05:00.000Z","2781",7.9082277038,8.2495476748,7.8666550908,8.2373505083,430450945.84,8889877022.94,"2024-05-25T23:59:59.999Z"
"2024-05-24T00:00:00.000Z","2024-05-24T23:59:59.999Z","2024-05-24T18:28:00.000Z","2024-05-24T08:29:00.000Z","2781",7.6901048425,8.0362723326,7.6026848522,7.9082173525,560760766.62,8532019957.17,"2024-05-24T23:59:59.999Z"
"2024-05-23T00:00:00.000Z","2024-05-23T23:59:59.999Z","2024-05-23T06:38:00.000Z","2024-05-23T20:08:00.000Z","2781",7.9830502034,8.1597147618,7.4629650369,7.6901048425,893493173.41,8294846212.86,"2024-05-23T23:59:59.999Z"
"2024-05-22T00:00:00.000Z","2024-05-22T23:59:59.999Z","2024-05-22T20:22:00.000Z","2024-05-22T04:47:00.000Z","2781",7.8202337259,8.2439076337,7.7221677003,7.9830502034,762825058.48,8608155110.24,"2024-05-22T23:59:59.999Z"
"2024-05-21T00:00:00.000Z","2024-05-21T23:59:59.999Z","2024-05-21T00:34:00.000Z","2024-05-21T21:24:00.000Z","2781",8.2816018144,8.330514503,7.7686114972,7.8202337259,643057204.37,8430032638.53,"2024-05-21T23:59:59.999Z"
"2024-05-20T00:00:00.000Z","2024-05-20T23:59:59.999Z","2024-05-20T23:31:00.000Z","2024-05-20T00:26:00.000Z","2781",7.7817474727,8.3156044891,7.7187818975,8.2817978575,710606432.99,8925385920.28,"2024-05-20T23:59:59.999Z"
"2024-05-19T00:00:00.000Z","2024-05-19T23:59:59.999Z","2024-05-19T03:08:00.000Z","2024-05-19T13:34:00.000Z","2781",7.9258018131,7.9908552749,7.6799783133,7.7817474727,339064307.22,8384085286,"2024-05-19T23:59:59.999Z"
"2024-05-18T00:00:00.000Z","2024-05-18T23:59:59.999Z","2024-05-18T07:49:00.000Z","2024-05-18T19:03:00.000Z","2781",8.0363345532,8.0886162869,7.8316796934,7.9257855952,323273189.5,9138151306.04,"2024-05-18T23:59:59.999Z"
"2024-05-17T00:00:00.000Z","2024-05-17T23:59:59.999Z","2024-05-17T07:58:00.000Z","2024-05-17T02:28:00.000Z","2781",8.0129191361,8.5079071873,7.9191986273,8.0363345532,694120548.26,8655511331.41,"2024-05-17T23:59:59.999Z"
"2024-05-16T00:00:00.000Z","2024-05-16T23:59:59.999Z","2024-05-16T02:04:00.000Z","2024-05-16T17:31:00.000Z","2781",8.0486872404,8.290097371,7.863945497,8.0129191361,687325863.01,8625928676.21,"2024-05-16T23:59:59.999Z"
"2024-05-15T00:00:00.000Z","2024-05-15T23:59:59.999Z","2024-05-15T22:37:00.000Z","2024-05-15T09:35:00.000Z","2781",7.0193440188,8.07893545,6.9066574572,8.0485861145,887833226.98,8661620527.49,"2024-05-15T23:59:59.999Z"
"2024-05-14T00:00:00.000Z","2024-05-14T23:59:59.999Z","2024-05-14T00:43:00.000Z","2024-05-14T17:34:00.000Z","2781",7.2784963392,7.3788974325,6.9376350904,7.0193440188,508065110.72,7552673665.09,"2024-05-14T23:59:59.999Z"
"2024-05-13T00:00:00.000Z","2024-05-13T23:59:59.999Z","2024-05-13T15:34:00.000Z","2024-05-13T05:55:00.000Z","2781",6.8863339849,7.3617131273,6.5540670315,7.2784963392,460922437.07,7797258493.95,"2024-05-13T23:59:59.999Z"
"2024-05-12T00:00:00.000Z","2024-05-12T23:59:59.999Z","2024-05-12T02:50:00.000Z","2024-05-12T21:28:00.000Z","2781",7.0152959283,7.0565630714,6.8391927032,6.8863339849,206352728.78,7374710573.76,"2024-05-12T23:59:59.999Z"
"2024-05-11T00:00:00.000Z","2024-05-11T23:59:59.999Z","2024-05-11T01:22:00.000Z","2024-05-11T13:04:00.000Z","2781",7.2517077281,7.3242740186,7.0070738384,7.0153019497,279046116.65,7511065726.98,"2024-05-11T23:59:59.999Z"
"2024-05-10T00:00:00.000Z","2024-05-10T23:59:59.999Z","2024-05-10T12:02:00.000Z","2024-05-10T22:42:00.000Z","2781",7.4863429941,7.6390603923,7.1402020434,7.2517077281,462272173.89,7762461391.85,"2024-05-10T23:59:59.999Z"
"2024-05-09T00:00:00.000Z","2024-05-09T23:59:59.999Z","2024-05-09T22:55:00.000Z","2024-05-09T00:01:00.000Z","2781",6.8076658607,7.490349756,6.8063725229,7.4862843262,461803499.48,8010888573.65,"2024-05-09T23:59:59.999Z"
"2024-05-08T00:00:00.000Z","2024-05-08T23:59:59.999Z","2024-05-08T04:01:00.000Z","2024-05-08T20:56:00.000Z","2781",7.1237505068,7.287624764,6.7982203991,6.8076658607,391153470.32,7282294493.23,"2024-05-08T23:59:59.999Z"
"2024-05-07T00:00:00.000Z","2024-05-07T23:59:59.999Z","2024-05-07T03:01:00.000Z","2024-05-07T23:58:00.000Z","2781",7.3042932717,7.7641215118,7.1237098283,7.1237505068,594410905.97,7618663812.35,"2024-05-07T23:59:59.999Z"
"2024-05-06T00:00:00.000Z","2024-05-06T23:59:59.999Z","2024-05-06T08:43:00.000Z","2024-05-06T17:36:00.000Z","2781",7.4978875398,7.5907038579,7.1775405942,7.3042932717,484950647.6,7809228152.96,"2024-05-06T23:59:59.999Z"
"2024-05-05T00:00:00.000Z","2024-05-05T23:59:59.999Z","2024-05-05T16:43:00.000Z","2024-05-05T01:46:00.000Z","2781",6.8750042014,7.5102109273,6.711138176,7.4979029925,440061275.67,8013601662.1,"2024-05-05T23:59:59.999Z"
"2024-05-04T00:00:00.000Z","2024-05-04T23:59:59.999Z","2024-05-04T11:03:00.000Z","2024-05-04T02:37:00.000Z","2781",6.8763592725,6.971656818,6.7962570718,6.8750076119,299917398.96,7346192659.17,"2024-05-04T23:59:59.999Z"
"2024-05-03T00:00:00.000Z","2024-05-03T23:59:59.999Z","2024-05-03T20:52:00.000Z","2024-05-03T00:42:00.000Z","2781",6.0904648662,6.9272749161,6.0443676032,6.8763811299,460310669.15,7345237479.12,"2024-05-03T23:59:59.999Z"
"2024-05-02T00:00:00.000Z","2024-05-02T23:59:59.999Z","2024-05-02T15:19:00.000Z","2024-05-02T08:02:00.000Z","2781",6.1470215182,6.2029724825,5.8814289779,6.0906776,383066320.18,6504267523.91,"2024-05-02T23:59:59.999Z"
"2024-05-01T00:00:00.000Z","2024-05-01T23:59:59.999Z","2024-05-01T18:55:00.000Z","2024-05-01T08:23:00.000Z","2781",6.1816055433,6.4075697968,5.7569285254,6.14700111,627276097.43,6562561042.92,"2024-05-01T23:59:59.999Z"
"2024-04-30T00:00:00.000Z","2024-04-30T23:59:59.999Z","2024-04-30T03:28:00.000Z","2024-04-30T16:20:00.000Z","2781",6.8695399897,6.9376435,5.8831533533,6.1816180914,535418404.99,6597322171.97,"2024-04-30T23:59:59.999Z"
"2024-04-29T00:00:00.000Z","2024-04-29T23:59:59.999Z","2024-04-29T00:19:00.000Z","2024-04-29T13:38:00.000Z","2781",7.051272896,7.1031434486,6.6855162437,6.8695278526,400184760.25,7329813649.96,"2024-04-29T23:59:59.999Z"
"2024-04-28T00:00:00.000Z","2024-04-28T23:59:59.999Z","2024-04-28T08:32:00.000Z","2024-04-28T23:41:00.000Z","2781",7.1347673602,7.4350714316,7.0329958972,7.051272896,441176677,7521368955.49,"2024-04-28T23:59:59.999Z"
"2024-04-27T00:00:00.000Z","2024-04-27T23:59:59.999Z","2024-04-27T20:06:00.000Z","2024-04-27T01:19:00.000Z","2781",6.9212908598,7.6230858262,6.7553540407,7.1347673602,767223845.09,7608701902.08,"2024-04-27T23:59:59.999Z"
"2024-04-26T00:00:00.000Z","2024-04-26T23:59:59.999Z","2024-04-26T03:20:00.000Z","2024-04-26T23:34:00.000Z","2781",7.1394880356,7.5125111008,6.9123871393,6.9212908598,664694661.45,7378716432.67,"2024-04-26T23:59:59.999Z"
"2024-04-25T00:00:00.000Z","2024-04-25T23:59:59.999Z","2024-04-25T16:04:00.000Z","2024-04-25T10:59:00.000Z","2781",6.8795396239,7.2252527096,6.6178414407,7.139515113,657737165.68,7608920118.84,"2024-04-25T23:59:59.999Z"
"2024-04-24T00:00:00.000Z","2024-04-24T23:59:59.999Z","2024-04-24T17:46:00.000Z","2024-04-24T23:29:00.000Z","2781",6.8912019621,7.312369421,6.7214715512,6.8795967648,650112356.22,7330265327.7,"2024-04-24T23:59:59.999Z"
"2024-04-23T00:00:00.000Z","2024-04-23T23:59:59.999Z","2024-04-23T12:32:00.000Z","2024-04-23T07:37:00.000Z","2781",7.0358069422,7.2502459793,6.8506317895,6.8912054136,464318587.75,7340269201.88,"2024-04-23T23:59:59.999Z"
"2024-04-22T00:00:00.000Z","2024-04-22T23:59:59.999Z","2024-04-22T18:41:00.000Z","2024-04-22T02:22:00.000Z","2781",6.4499383874,7.2412685693,6.3526510517,7.0358069422,588192817.21,7491897407.14,"2024-04-22T23:59:59.999Z"
"2024-04-21T00:00:00.000Z","2024-04-21T23:59:59.999Z","2024-04-21T22:46:00.000Z","2024-04-21T16:41:00.000Z","2781",6.224856782,6.4751838338,6.0700074327,6.4500027977,362734595.83,6866472544.67,"2024-04-21T23:59:59.999Z"
"2024-04-20T00:00:00.000Z","2024-04-20T23:59:59.999Z","2024-04-20T23:35:00.000Z","2024-04-20T01:07:00.000Z","2781",5.5877462604,6.2549656301,5.5150429984,6.224856782,367853372.85,6624723585.58,"2024-04-20T23:59:59.999Z"
"2024-04-19T00:00:00.000Z","2024-04-19T23:59:59.999Z","2024-04-19T07:06:00.000Z","2024-04-19T02:31:00.000Z","2781",5.7037746214,5.8463697175,5.2396217823,5.5877462604,534930529.48,5944747458.41,"2024-04-19T23:59:59.999Z"
"2024-04-18T00:00:00.000Z","2024-04-18T23:59:59.999Z","2024-04-18T14:29:00.000Z","2024-04-18T00:37:00.000Z","2781",5.409564319,5.8782120177,5.2312805697,5.7037746214,596116922.02,6083296626.52,"2024-04-18T23:59:59.999Z"
"2024-04-17T00:00:00.000Z","2024-04-17T23:59:59.999Z","2024-04-17T18:46:00.000Z","2024-04-17T16:08:00.000Z","2781",5.4996365346,5.651708227,5.2091454158,5.4095683195,657120345.36,5771280014.17,"2024-04-17T23:59:59.999Z"
"2024-04-16T00:00:00.000Z","2024-04-16T23:59:59.999Z","2024-04-16T22:49:00.000Z","2024-04-16T10:39:00.000Z","2781",5.2235055238,5.5366203042,4.9208017538,5.4996414369,710750659.18,5866001190.89,"2024-04-16T23:59:59.999Z"
"2024-04-15T00:00:00.000Z","2024-04-15T23:59:59.999Z","2024-04-15T06:45:00.000Z","2024-04-15T19:07:00.000Z","2781",5.7164660671,5.8584453602,5.013044008,5.2235055238,743428623.57,5569802925.91,"2024-04-15T23:59:59.999Z"
"2024-04-14T00:00:00.000Z","2024-04-14T23:59:59.999Z","2024-04-14T23:53:00.000Z","2024-04-14T03:16:00.000Z","2781",5.2294346869,5.723072882,4.9388643766,5.7164660671,1006574718.63,6093518583.9,"2024-04-14T23:59:59.999Z"
"2024-04-13T00:00:00.000Z","2024-04-13T23:59:59.999Z","2024-04-13T13:25:00.000Z","2024-04-13T21:31:00.000Z","2781",5.7937847664,5.8513481272,4.321960596,5.2343655484,1256526721.5,5578409990.03,"2024-04-13T23:59:59.999Z"
"2024-04-12T00:00:00.000Z","2024-04-12T23:59:59.999Z","2024-04-12T04:56:00.000Z","2024-04-12T18:37:00.000Z","2781",6.8025638868,6.9143756988,5.2823236057,5.7937847664,797067950.29,6147841875.88,"2024-04-12T23:59:59.999Z"
"2024-04-11T00:00:00.000Z","2024-04-11T23:59:59.999Z","2024-04-11T08:47:00.000Z","2024-04-11T16:40:00.000Z","2781",6.9875260962,7.317407767,6.7528963706,6.8025638868,441974094.34,7216068460.31,"2024-04-11T23:59:59.999Z"
"2024-04-10T00:00:00.000Z","2024-04-10T23:59:59.999Z","2024-04-10T00:16:00.000Z","2024-04-10T13:51:00.000Z","2781",7.2138354609,7.3038084997,6.6975613996,6.9875260962,522022973.53,7410691032.95,"2024-04-10T23:59:59.999Z"
"2024-04-09T00:00:00.000Z","2024-04-09T23:59:59.999Z","2024-04-09T12:41:00.000Z","2024-04-09T17:13:00.000Z","2781",7.3644606449,7.6580572948,7.1915979128,7.2138780141,688962665.18,7648403834.37,"2024-04-09T23:59:59.999Z"
"2024-04-08T00:00:00.000Z","2024-04-08T23:59:59.999Z","2024-04-08T09:34:00.000Z","2024-04-08T00:37:00.000Z","2781",6.9162577996,7.5628233276,6.8505180373,7.3644606449,604711889.01,7805757699.96,"2024-04-08T23:59:59.999Z"
"2024-04-07T00:00:00.000Z","2024-04-07T23:59:59.999Z","2024-04-07T01:43:00.000Z","2024-04-07T22:07:00.000Z","2781",7.0233414364,7.1316916705,6.8257292406,6.9162577996,338909329.77,7329154441.05,"2024-04-07T23:59:59.999Z"
"2024-04-06T00:00:00.000Z","2024-04-06T23:59:59.999Z","2024-04-06T00:34:00.000Z","2024-04-06T18:38:00.000Z","2781",7.2277520801,7.287473145,6.9136215631,7.0233631236,348856754.89,7440384313.07,"2024-04-06T23:59:59.999Z"
"2024-04-05T00:00:00.000Z","2024-04-05T23:59:59.999Z","2024-04-05T20:16:00.000Z","2024-04-05T10:37:00.000Z","2781",6.7274965063,7.4872393536,6.4846594219,7.2277520801,734196249.73,7654497803.21,"2024-04-05T23:59:59.999Z"
"2024-04-04T00:00:00.000Z","2024-04-04T23:59:59.999Z","2024-04-04T16:34:00.000Z","2024-04-04T04:19:00.000Z","2781",6.6096195718,7.0257506673,6.3518346602,6.7274965063,489341776.7,7090891056.56,"2024-04-04T23:59:59.999Z"
"2024-04-03T00:00:00.000Z","2024-04-03T23:59:59.999Z","2024-04-03T09:57:00.000Z","2024-04-03T00:40:00.000Z","2781",6.2161837696,6.9005134256,6.009271199,6.6096195718,564092858.06,6966646844.76,"2024-04-03T23:59:59.999Z"
"2024-04-02T00:00:00.000Z","2024-04-02T23:59:59.999Z","2024-04-02T00:00:00.000Z","2024-04-02T13:35:00.000Z","2781",6.7422248054,6.7422248054,6.12018083,6.2161837696,381140079.61,6551959091.6,"2024-04-02T23:59:59.999Z"
"2024-04-01T00:00:00.000Z","2024-04-01T23:59:59.999Z","2024-04-01T01:08:00.000Z","2024-04-01T18:16:00.000Z","2781",7.3030828346,7.3697872193,6.5755065692,6.7422225774,384435846.56,7106414924.05,"2024-04-01T23:59:59.999Z"
"2024-03-31T00:00:00.000Z","2024-03-31T23:59:59.999Z","2024-03-31T16:19:00.000Z","2024-03-31T00:08:00.000Z","2781",6.937625156,7.3522243414,6.9158639974,7.3030828346,260151815.43,7697568435.51,"2024-03-31T23:59:59.999Z"
"2024-03-30T00:00:00.000Z","2024-03-30T23:59:59.999Z","2024-03-30T06:49:00.000Z","2024-03-30T23:31:00.000Z","2781",6.9731360204,7.3212496886,6.917269263,6.937625156,267604886.27,7312370080.94,"2024-03-30T23:59:59.999Z"
"2024-03-29T00:00:00.000Z","2024-03-29T23:59:59.999Z","2024-03-29T00:08:00.000Z","2024-03-29T21:35:00.000Z","2781",7.1895848863,7.1958196273,6.8682179958,6.9731360204,267939817.16,7349799111.3,"2024-03-29T23:59:59.999Z"
"2024-03-28T00:00:00.000Z","2024-03-28T23:59:59.999Z","2024-03-28T10:01:00.000Z","2024-03-28T03:46:00.000Z","2781",7.2591371539,7.4229168622,7.1228698846,7.1895852137,339180467.27,7577939746.65,"2024-03-28T23:59:59.999Z"
"2024-03-27T00:00:00.000Z","2024-03-27T23:59:59.999Z","2024-03-27T13:19:00.000Z","2024-03-27T19:13:00.000Z","2781",7.6558645363,7.8722073493,7.0990261022,7.2591371539,604632594.68,7651248971.28,"2024-03-27T23:59:59.999Z"
"2024-03-26T00:00:00.000Z","2024-03-26T23:59:59.999Z","2024-03-26T12:28:00.000Z","2024-03-26T00:04:00.000Z","2781",7.4583753357,8.0775775226,7.4301595322,7.6558645363,782065541.87,8069406103.68,"2024-03-26T23:59:59.999Z"
"2024-03-25T00:00:00.000Z","2024-03-25T23:59:59.999Z","2024-03-25T18:55:00.000Z","2024-03-25T00:00:00.000Z","2781",6.9775880349,7.74523294,6.9773358173,7.4583753357,701723710.26,7861249264.86,"2024-03-25T23:59:59.999Z"
"2024-03-24T00:00:00.000Z","2024-03-24T23:59:59.999Z","2024-03-24T23:31:00.000Z","2024-03-24T17:35:00.000Z","2781",6.6231274269,6.9956606144,6.4338514379,6.9776385992,317407479.56,7354544902.82,"2024-03-24T23:59:59.999Z"
"2024-03-23T00:00:00.000Z","2024-03-23T23:59:59.999Z","2024-03-23T12:43:00.000Z","2024-03-23T00:24:00.000Z","2781",6.4743076462,6.7957376554,6.3810248456,6.6231274269,331981237.77,6980884344.45,"2024-03-23T23:59:59.999Z"
"2024-03-22T00:00:00.000Z","2024-03-22T23:59:59.999Z","2024-03-22T12:10:00.000Z","2024-03-22T22:27:00.000Z","2781",6.4422117163,6.8124073205,6.2191678805,6.4743076462,552225419.81,6824025867.96,"2024-03-22T23:59:59.999Z"
"2024-03-21T00:00:00.000Z","2024-03-21T23:59:59.999Z","2024-03-21T17:23:00.000Z","2024-03-21T18:46:00.000Z","2781",6.9008224751,6.9639904547,6.4189967139,6.4422013291,544661043,6790185286.03,"2024-03-21T23:59:59.999Z"
"2024-03-20T00:00:00.000Z","2024-03-20T23:59:59.999Z","2024-03-20T20:40:00.000Z","2024-03-20T05:28:00.000Z","2781",6.3577750192,6.9997918496,6.0342353674,6.9008224751,897906825.32,7271348957.36,"2024-03-20T23:59:59.999Z"
"2024-03-19T00:00:00.000Z","2024-03-19T23:59:59.999Z","2024-03-19T00:22:00.000Z","2024-03-19T23:27:00.000Z","2781",7.0220906385,7.0818545836,6.208611112,6.3573971757,1126797289.51,6695509240.59,"2024-03-19T23:59:59.999Z"
"2024-03-18T00:00:00.000Z","2024-03-18T23:59:59.999Z","2024-03-18T02:13:00.000Z","2024-03-18T19:07:00.000Z","2781",8.1976489804,8.5517444357,6.8639104878,7.0220906385,1374900327.53,7395114268.28,"2024-03-18T23:59:59.999Z"
"2024-03-17T00:00:00.000Z","2024-03-17T23:59:59.999Z","2024-03-17T22:24:00.000Z","2024-03-17T01:01:00.000Z","2781",6.730497297,8.4112358747,6.6452898739,8.2411288317,1185904218.89,8674205994.76,"2024-03-17T23:59:59.999Z"
"2024-03-16T00:00:00.000Z","2024-03-16T23:59:59.999Z","2024-03-16T08:47:00.000Z","2024-03-16T23:19:00.000Z","2781",7.4773903775,7.9534246121,6.5354619274,6.730490599,1005853621.3,7084182651.87,"2024-03-16T23:59:59.999Z"
"2024-03-15T00:00:00.000Z","2024-03-15T23:59:59.999Z","2024-03-15T02:03:00.000Z","2024-03-15T20:46:00.000Z","2781",8.8824982259,8.9851037047,7.1022211595,7.4773903775,1642844688.8,7868551421.42,"2024-03-15T23:59:59.999Z"
"2024-03-14T00:00:00.000Z","2024-03-14T23:59:59.999Z","2024-03-14T23:58:00.000Z","2024-03-14T03:37:00.000Z","2781",7.755249396,8.8913972503,7.6367351884,8.8824982259,1128794751.99,9271213900.03,"2024-03-14T23:59:59.999Z"
"2024-03-13T00:00:00.000Z","2024-03-13T23:59:59.999Z","2024-03-13T04:05:00.000Z","2024-03-13T14:58:00.000Z","2781",8.0225033193,8.4868403024,7.6166647379,7.7551098611,848480340.66,8094634433.92,"2024-03-13T23:59:59.999Z"
"2024-03-12T00:00:00.000Z","2024-03-12T23:59:59.999Z","2024-03-12T23:59:00.000Z","2024-03-12T00:04:00.000Z","2781",6.6838990066,8.0225033193,6.6506058618,8.0225033193,1217593888.67,8373583917.03,"2024-03-12T23:59:59.999Z"
"2024-03-11T00:00:00.000Z","2024-03-11T23:59:59.999Z","2024-03-11T14:10:00.000Z","2024-03-11T00:54:00.000Z","2781",5.9562787831,7.2800740972,5.7024333133,6.6838990066,1279131658.53,6976399634.56,"2024-03-11T23:59:59.999Z"
"2024-03-10T00:00:00.000Z","2024-03-10T23:59:59.999Z","2024-03-10T00:03:00.000Z","2024-03-10T22:59:00.000Z","2781",6.2108232618,6.2374031959,5.7707826488,5.956163129,455345177.45,6216937312.24,"2024-03-10T23:59:59.999Z"
"2024-03-09T00:00:00.000Z","2024-03-09T23:59:59.999Z","2024-03-09T09:21:00.000Z","2024-03-09T01:40:00.000Z","2781",5.7547872908,6.4861181454,5.6193198952,6.2108225912,772238076.56,6482621160.28,"2024-03-09T23:59:59.999Z"
"2024-03-08T00:00:00.000Z","2024-03-08T23:59:59.999Z","2024-03-08T22:46:00.000Z","2024-03-08T15:34:00.000Z","2781",5.5393471473,5.7608919831,5.242513197,5.7547872908,715749007.75,6006628154.11,"2024-03-08T23:59:59.999Z"
"2024-03-07T00:00:00.000Z","2024-03-07T23:59:59.999Z","2024-03-07T00:25:00.000Z","2024-03-07T15:27:00.000Z","2781",5.8622556285,6.0852292453,5.4649154837,5.5399625984,1102188527.43,5781759924.26,"2024-03-07T23:59:59.999Z"
"2024-03-06T00:00:00.000Z","2024-03-06T23:59:59.999Z","2024-03-06T21:34:00.000Z","2024-03-06T02:31:00.000Z","2781",4.2493724523,5.9013291032,4.0066647541,5.8622556285,1265639127.61,6118799518.63,"2024-03-06T23:59:59.999Z"
"2024-03-05T00:00:00.000Z","2024-03-05T23:59:59.999Z","2024-03-05T06:41:00.000Z","2024-03-05T19:58:00.000Z","2781",4.3382166416,4.474270919,3.5766004336,4.2492657096,651417085.04,4435333387.6,"2024-03-05T23:59:59.999Z"
"2024-03-04T00:00:00.000Z","2024-03-04T23:59:59.999Z","2024-03-04T00:35:00.000Z","2024-03-04T18:31:00.000Z","2781",4.4399536247,4.7438406299,4.2330618196,4.3384752572,529710864.16,4528335507.34,"2024-03-04T23:59:59.999Z"
"2024-03-03T00:00:00.000Z","2024-03-03T23:59:59.999Z","2024-03-03T22:43:00.000Z","2024-03-03T07:34:00.000Z","2781",4.4940341728,4.5026754589,4.0266345443,4.4405383376,417254313.72,4634865069.79,"2024-03-03T23:59:59.999Z"
"2024-03-02T00:00:00.000Z","2024-03-02T23:59:59.999Z","2024-03-02T23:58:00.000Z","2024-03-02T01:26:00.000Z","2781",3.962905166,4.4950889379,3.8981506145,4.4916586471,399930446.2,4688222505.04,"2024-03-02T23:59:59.999Z"
"2024-03-01T00:00:00.000Z","2024-03-01T23:59:59.999Z","2024-03-01T04:37:00.000Z","2024-03-01T00:00:00.000Z","2781",3.8687882965,4.1183774765,3.8687882965,3.9619880235,293370757.17,4135372448.3,"2024-03-01T23:59:59.999Z"
"2024-02-29T00:00:00.000Z","2024-02-29T23:59:59.999Z","2024-02-29T09:07:00.000Z","2024-02-29T22:40:00.000Z","2781",3.8875624499,4.0842901219,3.7337157852,3.8703606503,380381495.12,4039735280.18,"2024-02-29T23:59:59.999Z"
"2024-02-28T00:00:00.000Z","2024-02-28T23:59:59.999Z","2024-02-28T17:17:00.000Z","2024-02-28T18:26:00.000Z","2781",3.9508964798,4.0846547928,3.6362221787,3.8856414537,460979942.72,4054780438.12,"2024-02-28T23:59:59.999Z"
"2024-02-27T00:00:00.000Z","2024-02-27T23:59:59.999Z","2024-02-27T00:10:00.000Z","2024-02-27T16:11:00.000Z","2781",4.0981021904,4.1354693536,3.8690660144,3.9530207945,337520691.81,4123766246.53,"2024-02-27T23:59:59.999Z"
"2024-02-26T00:00:00.000Z","2024-02-26T23:59:59.999Z","2024-02-26T18:00:00.000Z","2024-02-26T02:29:00.000Z","2781",3.7071569078,4.186294166,3.6507575546,4.0971348547,519485986.22,4272727180.81,"2024-02-26T23:59:59.999Z"
"2024-02-25T00:00:00.000Z","2024-02-25T23:59:59.999Z","2024-02-25T00:03:00.000Z","2024-02-25T14:02:00.000Z","2781",3.8617732723,3.869349149,3.6604745662,3.7081534461,250020466.89,3866208936.87,"2024-02-25T23:59:59.999Z"
"2024-02-24T00:00:00.000Z","2024-02-24T23:59:59.999Z","2024-02-24T22:05:00.000Z","2024-02-24T02:05:00.000Z","2781",3.3588144746,3.9128429097,3.3024392868,3.8612709095,394273061.61,4024560291.5,"2024-02-24T23:59:59.999Z"
"2024-02-23T00:00:00.000Z","2024-02-23T23:59:59.999Z","2024-02-23T20:58:00.000Z","2024-02-23T16:22:00.000Z","2781",3.245648605,3.4262268917,3.1611581262,3.3578280931,223115449.89,3497145042.22,"2024-02-23T23:59:59.999Z"
"2024-02-22T00:00:00.000Z","2024-02-22T23:59:59.999Z","2024-02-22T22:03:00.000Z","2024-02-22T02:01:00.000Z","2781",3.2427627556,3.3437329848,3.1210120019,3.245616392,171674028.72,3379195378.75,"2024-02-22T23:59:59.999Z"
"2024-02-21T00:00:00.000Z","2024-02-21T23:59:59.999Z","2024-02-21T00:00:00.000Z","2024-02-21T18:32:00.000Z","2781",3.4019028486,3.4019028486,3.0983917825,3.2431863335,189657578.54,3376665306.99,"2024-02-21T23:59:59.999Z"
"2024-02-20T00:00:00.000Z","2024-02-20T23:59:59.999Z","2024-02-20T00:23:00.000Z","2024-02-20T17:25:00.000Z","2781",3.5332429067,3.5494371564,3.254710305,3.4018862593,256001957.17,3541111087.53,"2024-02-20T23:59:59.999Z"
"2024-02-19T00:00:00.000Z","2024-02-19T23:59:59.999Z","2024-02-19T04:50:00.000Z","2024-02-19T17:17:00.000Z","2781",3.5165766462,3.611452144,3.4718231603,3.533247922,245241100.8,3677848827.93,"2024-02-19T23:59:59.999Z"
"2024-02-18T00:00:00.000Z","2024-02-18T23:59:59.999Z","2024-02-18T22:41:00.000Z","2024-02-18T03:20:00.000Z","2781",3.332176836,3.5799799752,3.271436186,3.5160927647,258777219.04,3658829239.62,"2024-02-18T23:59:59.999Z"
"2024-02-17T00:00:00.000Z","2024-02-17T23:59:59.999Z","2024-02-17T23:48:00.000Z","2024-02-17T14:50:00.000Z","2781",3.2810442039,3.3458348034,3.1478230308,3.3318043287,131785968.95,3466292750.39,"2024-02-17T23:59:59.999Z"
"2024-02-16T00:00:00.000Z","2024-02-16T23:59:59.999Z","2024-02-16T04:13:00.000Z","2024-02-16T15:17:00.000Z","2781",3.4003820713,3.4594971883,3.1886912579,3.2808043128,206231923.94,3412170817.88,"2024-02-16T23:59:59.999Z"
"2024-02-15T00:00:00.000Z","2024-02-15T23:59:59.999Z","2024-02-15T00:41:00.000Z","2024-02-15T05:56:00.000Z","2781",3.3354857244,3.408734004,3.2797266271,3.400365357,219634489.63,3534621482.51,"2024-02-15T23:59:59.999Z"
"2024-02-14T00:00:00.000Z","2024-02-14T23:59:59.999Z","2024-02-14T09:38:00.000Z","2024-02-14T00:43:00.000Z","2781",3.2163131413,3.4515638469,3.1711693881,3.3352437085,226866522.63,3466928645.58,"2024-02-14T23:59:59.999Z"
"2024-02-13T00:00:00.000Z","2024-02-13T23:59:59.999Z","2024-02-13T00:21:00.000Z","2024-02-13T14:25:00.000Z","2781",3.3874351733,3.4348479665,3.1815311337,3.2164296087,207158940.95,3342374956.9,"2024-02-13T23:59:59.999Z"
"2024-02-12T00:00:00.000Z","2024-02-12T23:59:59.999Z","2024-02-12T23:49:00.000Z","2024-02-12T13:59:00.000Z","2781",3.1252241893,3.3962676615,3.076317123,3.3883763122,318796338.01,3505710484.44,"2024-02-12T23:59:59.999Z"
"2024-02-11T00:00:00.000Z","2024-02-11T23:59:59.999Z","2024-02-11T20:35:00.000Z","2024-02-11T00:04:00.000Z","2781",3.0452766601,3.2123743239,3.0410036271,3.1250729868,208587248.97,3232282437.54,"2024-02-11T23:59:59.999Z"
"2024-02-10T00:00:00.000Z","2024-02-10T23:59:59.999Z","2024-02-10T04:14:00.000Z","2024-02-10T10:57:00.000Z","2781",2.9939877038,3.1433725928,2.972407232,3.0457103527,166680724.05,3149229402.84,"2024-02-10T23:59:59.999Z"
"2024-02-09T00:00:00.000Z","2024-02-09T23:59:59.999Z","2024-02-09T14:11:00.000Z","2024-02-09T00:02:00.000Z","2781",2.9255885278,3.0489937364,2.922518505,2.9934684128,195826339.89,3094543173.07,"2024-02-09T23:59:59.999Z"
"2024-02-08T00:00:00.000Z","2024-02-08T23:59:59.999Z","2024-02-08T15:52:00.000Z","2024-02-08T00:00:00.000Z","2781",2.8669461455,2.9978888629,2.8669461455,2.9256121052,166412456.21,3023488218.27,"2024-02-08T23:59:59.999Z"
"2024-02-07T00:00:00.000Z","2024-02-07T23:59:59.999Z","2024-02-07T21:47:00.000Z","2024-02-07T08:14:00.000Z","2781",2.7340166093,2.8895072383,2.6857469513,2.8667597992,120313827.72,2959275452.86,"2024-02-07T23:59:59.999Z"
"2024-02-06T00:00:00.000Z","2024-02-06T23:59:59.999Z","2024-02-06T03:22:00.000Z","2024-02-06T11:17:00.000Z","2781",2.7465255602,2.7718983108,2.6886870722,2.7339012416,99534693.39,2822129303.28,"2024-02-06T23:59:59.999Z"
"2024-02-05T00:00:00.000Z","2024-02-05T23:59:59.999Z","2024-02-05T14:14:00.000Z","2024-02-05T22:36:00.000Z","2781",2.7531646298,2.8093352372,2.7030039289,2.7462814208,93479340.98,2834909013.86,"2024-02-05T23:59:59.999Z"
"2024-02-04T00:00:00.000Z","2024-02-04T23:59:59.999Z","2024-02-04T21:39:00.000Z","2024-02-04T07:38:00.000Z","2781",2.8147774207,2.8161697433,2.7529269451,2.7533152567,75799055.49,2842169844.68,"2024-02-04T23:59:59.999Z"
"2024-02-03T00:00:00.000Z","2024-02-03T23:59:59.999Z","2024-02-03T00:40:00.000Z","2024-02-03T15:11:00.000Z","2781",2.8987514365,2.9411090457,2.8051846884,2.8147348725,77825937.58,2904693320.54,"2024-02-03T23:59:59.999Z"
"2024-02-02T00:00:00.000Z","2024-02-02T23:59:59.999Z","2024-02-02T16:09:00.000Z","2024-02-02T09:23:00.000Z","2781",2.8534651574,2.9396792544,2.8345597529,2.8985187958,118531940.47,2990255967.91,"2024-02-02T23:59:59.999Z"
"2024-02-01T00:00:00.000Z","2024-02-01T23:59:59.999Z","2024-02-01T21:22:00.000Z","2024-02-01T01:56:00.000Z","2781",2.8220949709,2.872735787,2.7308115266,2.8533934023,130084803.36,2942824250.07,"2024-02-01T23:59:59.999Z"
"2024-01-31T00:00:00.000Z","2024-01-31T23:59:59.999Z","2024-01-31T00:07:00.000Z","2024-01-31T22:11:00.000Z","2781",3.0091238523,3.0201559937,2.7977482184,2.8220434855,200086848.13,2835212469.58,"2024-01-31T23:59:59.999Z"
"2024-01-30T00:00:00.000Z","2024-01-30T23:59:59.999Z","2024-01-30T17:46:00.000Z","2024-01-30T00:53:00.000Z","2781",3.0071578799,3.2148315583,2.9615217218,3.0091349492,246789845.52,3023176990.2,"2024-01-30T23:59:59.999Z"
"2024-01-29T00:00:00.000Z","2024-01-29T23:59:59.999Z","2024-01-29T20:56:00.000Z","2024-01-29T00:58:00.000Z","2781",2.8806266323,3.0550629717,2.8590099221,3.0071578799,152340822.65,3021190694.97,"2024-01-29T23:59:59.999Z"
"2024-01-28T00:00:00.000Z","2024-01-28T23:59:59.999Z","2024-01-28T11:07:00.000Z","2024-01-28T23:16:00.000Z","2781",2.909657102,3.0646542459,2.8643038758,2.8808877745,213816566.1,2894331353.74,"2024-01-28T23:59:59.999Z"
"2024-01-27T00:00:00.000Z","2024-01-27T23:59:59.999Z","2024-01-27T00:29:00.000Z","2024-01-27T08:08:00.000Z","2781",2.9222869985,2.958739735,2.8310329245,2.9093519209,127723788.13,2922928327.32,"2024-01-27T23:59:59.999Z"
"2024-01-26T00:00:00.000Z","2024-01-26T23:59:59.999Z","2024-01-26T16:55:00.000Z","2024-01-26T01:11:00.000Z","2781",2.6972770991,2.9977472942,2.6501837395,2.9223033211,266071581.87,2935940164.77,"2024-01-26T23:59:59.999Z"
"2024-01-25T00:00:00.000Z","2024-01-25T23:59:59.999Z","2024-01-25T21:11:00.000Z","2024-01-25T15:54:00.000Z","2781",2.6816286989,2.7388932044,2.6098065731,2.6978510453,138142096.65,2710440488.94,"2024-01-25T23:59:59.999Z"
"2024-01-24T00:00:00.000Z","2024-01-24T23:59:59.999Z","2024-01-24T23:47:00.000Z","2024-01-24T14:59:00.000Z","2781",2.6501598441,2.6882288321,2.5486652971,2.6818903388,192442652.33,2694405302.25,"2024-01-24T23:59:59.999Z"
"2024-01-23T00:00:00.000Z","2024-01-23T23:59:59.999Z","2024-01-23T04:30:00.000Z","2024-01-23T14:14:00.000Z","2781",2.6442458972,2.7204562519,2.4615870744,2.6494871589,197732700.33,2661850913.86,"2024-01-23T23:59:59.999Z"
"2024-01-22T00:00:00.000Z","2024-01-22T23:59:59.999Z","2024-01-22T00:20:00.000Z","2024-01-22T19:44:00.000Z","2781",2.9205258278,2.9410855037,2.6019085287,2.6442297123,198669930.57,2656568933.56,"2024-01-22T23:59:59.999Z"
"2024-01-21T00:00:00.000Z","2024-01-21T23:59:59.999Z","2024-01-21T03:29:00.000Z","2024-01-21T23:59:00.000Z","2781",2.9598563124,3.039491807,2.920271769,2.920271769,90877565.12,2933899132.49,"2024-01-21T23:59:59.999Z"
"2024-01-20T00:00:00.000Z","2024-01-20T23:59:59.999Z","2024-01-20T00:01:00.000Z","2024-01-20T15:05:00.000Z","2781",3.0023716742,3.0052453161,2.8746249623,2.9594426675,94917839.74,2973252820.92,"2024-01-20T23:59:59.999Z"
"2024-01-19T00:00:00.000Z","2024-01-19T23:59:59.999Z","2024-01-19T00:07:00.000Z","2024-01-19T16:47:00.000Z","2781",3.0738269127,3.0901837537,2.7987289527,3.0024881249,175919741.5,3016499148.67,"2024-01-19T23:59:59.999Z"
"2024-01-18T00:00:00.000Z","2024-01-18T23:59:59.999Z","2024-01-18T10:28:00.000Z","2024-01-18T20:33:00.000Z","2781",3.3003241394,3.3671844748,3.0034947611,3.0738377526,183822309.02,3088181727.38,"2024-01-18T23:59:59.999Z"
"2024-01-17T00:00:00.000Z","2024-01-17T23:59:59.999Z","2024-01-17T15:36:00.000Z","2024-01-17T08:08:00.000Z","2781",3.235507253,3.3609695943,3.1641886664,3.2997704293,165405591.24,3315168712.3,"2024-01-17T23:59:59.999Z"
"2024-01-16T00:00:00.000Z","2024-01-16T23:59:59.999Z","2024-01-16T01:16:00.000Z","2024-01-16T14:47:00.000Z","2781",3.3030556161,3.3410434558,3.1886089763,3.2356233085,148988826.91,3250722250.85,"2024-01-16T23:59:59.999Z"
"2024-01-15T00:00:00.000Z","2024-01-15T23:59:59.999Z","2024-01-15T05:09:00.000Z","2024-01-15T16:56:00.000Z","2781",3.3066565619,3.4153737294,3.2452002481,3.303555483,141937564.85,3318971428.86,"2024-01-15T23:59:59.999Z"
"2024-01-14T00:00:00.000Z","2024-01-14T23:59:59.999Z","2024-01-14T06:29:00.000Z","2024-01-14T23:37:00.000Z","2781",3.4015860035,3.5139529648,3.3023881168,3.3070683829,150193317.37,3322500721.63,"2024-01-14T23:59:59.999Z"
"2024-01-13T00:00:00.000Z","2024-01-13T23:59:59.999Z","2024-01-13T07:20:00.000Z","2024-01-13T01:15:00.000Z","2781",3.4488082447,3.5139958131,3.3137938378,3.4010682953,136560444.28,3416939281.9,"2024-01-13T23:59:59.999Z"
"2024-01-12T00:00:00.000Z","2024-01-12T23:59:59.999Z","2024-01-12T14:59:00.000Z","2024-01-12T22:31:00.000Z","2781",3.6179183395,3.6717226655,3.3407251635,3.4491173022,278496862.06,3465212508.06,"2024-01-12T23:59:59.999Z"
"2024-01-11T00:00:00.000Z","2024-01-11T23:59:59.999Z","2024-01-11T14:52:00.000Z","2024-01-11T07:02:00.000Z","2781",3.5947495799,3.8249076503,3.5127181132,3.6200929574,341847111.87,3636986016.23,"2024-01-11T23:59:59.999Z"
"2024-01-10T00:00:00.000Z","2024-01-10T23:59:59.999Z","2024-01-10T23:25:00.000Z","2024-01-10T12:58:00.000Z","2781",3.2249684325,3.674749134,3.0998903487,3.5916490909,273467268.87,3608409417.26,"2024-01-10T23:59:59.999Z"
"2024-01-09T00:00:00.000Z","2024-01-09T23:59:59.999Z","2024-01-09T06:34:00.000Z","2024-01-09T20:56:00.000Z","2781",3.4168748807,3.5348017914,3.0377874918,3.2260207726,291311862.59,3241074904.94,"2024-01-09T23:59:59.999Z"
"2024-01-08T00:00:00.000Z","2024-01-08T23:59:59.999Z","2024-01-08T20:01:00.000Z","2024-01-08T03:29:00.000Z","2781",3.2085041665,3.477567908,2.9448604791,3.4157784242,298370660.5,3431718055.16,"2024-01-08T23:59:59.999Z"
"2024-01-07T00:00:00.000Z","2024-01-07T23:59:59.999Z","2024-01-07T00:52:00.000Z","2024-01-07T23:43:00.000Z","2781",3.4808572884,3.5351555406,3.1644768973,3.2084380536,168466167.51,3223410136.74,"2024-01-07T23:59:59.999Z"
"2024-01-06T00:00:00.000Z","2024-01-06T23:59:59.999Z","2024-01-06T17:58:00.000Z","2024-01-06T06:58:00.000Z","2781",3.5468830212,3.6821806771,3.183860062,3.4808135682,285572464.34,3497056683.74,"2024-01-06T23:59:59.999Z"
"2024-01-05T00:00:00.000Z","2024-01-05T23:59:59.999Z","2024-01-05T00:04:00.000Z","2024-01-05T17:10:00.000Z","2781",3.9195687207,3.9413051524,3.4721135834,3.5459016435,245138856.61,3562448490.67,"2024-01-05T23:59:59.999Z"
"2024-01-04T00:00:00.000Z","2024-01-04T23:59:59.999Z","2024-01-04T20:43:00.000Z","2024-01-04T08:21:00.000Z","2781",3.7761747923,4.039523384,3.5936926377,3.9197484058,331500901.85,3938039798.02,"2024-01-04T23:59:59.999Z"
"2024-01-03T00:00:00.000Z","2024-01-03T23:59:59.999Z","2024-01-03T05:43:00.000Z","2024-01-03T12:14:00.000Z","2781",3.9234348336,4.0754329196,3.2293658589,3.77584864,529863523.06,3793468528.19,"2024-01-03T23:59:59.999Z"
"2024-01-02T00:00:00.000Z","2024-01-02T23:59:59.999Z","2024-01-02T10:22:00.000Z","2024-01-02T00:17:00.000Z","2781",3.7993774327,4.3064395918,3.7584688634,3.9230463997,597629198.57,3941353181.98,"2024-01-02T23:59:59.999Z"
"2024-01-01T00:00:00.000Z","2024-01-01T23:59:59.999Z","2024-01-01T20:14:00.000Z","2024-01-01T06:36:00.000Z","2781",3.653412803,3.8311657827,3.5776785012,3.7992007366,187381362.76,3816929596.63,"2024-01-01T23:59:59.999Z"
"2023-12-31T00:00:00.000Z","2023-12-31T23:59:59.999Z","2023-12-31T20:06:00.000Z","2023-12-31T22:55:00.000Z","2781",3.6727623455,3.8719473307,3.5856284944,3.6528641173,209852780.57,3669910101.73,"2023-12-31T23:59:59.999Z"
"2023-12-30T00:00:00.000Z","2023-12-30T23:59:59.999Z","2023-12-30T15:55:00.000Z","2023-12-30T08:57:00.000Z","2781",3.6184355398,3.7664574624,3.5512847963,3.6729909526,201793944.16,3690130858.34,"2023-12-30T23:59:59.999Z"
"2023-12-29T00:00:00.000Z","2023-12-29T23:59:59.999Z","2023-12-29T10:40:00.000Z","2023-12-29T22:22:00.000Z","2781",3.7715932673,3.9625958146,3.5541436113,3.6185535627,313853806.48,3635439437.98,"2023-12-29T23:59:59.999Z"
"2023-12-28T00:00:00.000Z","2023-12-28T23:59:59.999Z","2023-12-28T08:25:00.000Z","2023-12-28T21:49:00.000Z","2781",4.0893010538,4.3075989474,3.7383539408,3.7724163887,369505355.8,3790020260.35,"2023-12-28T23:59:59.999Z"
"2023-12-27T00:00:00.000Z","2023-12-27T23:59:59.999Z","2023-12-27T00:04:00.000Z","2023-12-27T17:01:00.000Z","2781",4.3073711391,4.3674978603,4.0004894805,4.0894578348,382444639.31,4108541171.19,"2023-12-27T23:59:59.999Z"
"2023-12-26T00:00:00.000Z","2023-12-26T23:59:59.999Z","2023-12-26T11:04:00.000Z","2023-12-26T17:43:00.000Z","2781",4.2554735746,4.6069663373,4.0834173371,4.3073852958,750209679.65,4327485584.39,"2023-12-26T23:59:59.999Z"
"2023-12-25T00:00:00.000Z","2023-12-25T23:59:59.999Z","2023-12-25T18:50:00.000Z","2023-12-25T02:45:00.000Z","2781",3.8111505716,4.3528302859,3.7361191648,4.2554618907,598659233.59,4275319880.17,"2023-12-25T23:59:59.999Z"
"2023-12-24T00:00:00.000Z","2023-12-24T23:59:59.999Z","2023-12-24T00:21:00.000Z","2023-12-24T22:19:00.000Z","2781",3.8971001405,4.0640678153,3.6662934178,3.8116095295,522991489.3,3829396294.84,"2023-12-24T23:59:59.999Z"
"2023-12-23T00:00:00.000Z","2023-12-23T23:59:59.999Z","2023-12-23T23:49:00.000Z","2023-12-23T03:58:00.000Z","2781",3.3631807603,3.9562725917,3.2182086008,3.8953075387,457140080.82,3913484878.38,"2023-12-23T23:59:59.999Z"
"2023-12-22T00:00:00.000Z","2023-12-22T23:59:59.999Z","2023-12-22T01:46:00.000Z","2023-12-22T09:31:00.000Z","2781",3.5214018996,3.7803445104,3.2852605604,3.3632080307,562037407.99,3378902343.49,"2023-12-22T23:59:59.999Z"
"2023-12-21T00:00:00.000Z","2023-12-21T23:59:59.999Z","2023-12-21T20:01:00.000Z","2023-12-21T02:52:00.000Z","2781",2.8399708765,3.5934922204,2.7876944797,3.5197532956,904756696.64,3536178122.27,"2023-12-21T23:59:59.999Z"
"2023-12-20T00:00:00.000Z","2023-12-20T23:59:59.999Z","2023-12-20T17:47:00.000Z","2023-12-20T00:02:00.000Z","2781",2.4361570547,3.0377789511,2.4319559154,2.8395242804,724875455.26,2852774838.08,"2023-12-20T23:59:59.999Z"
"2023-12-19T00:00:00.000Z","2023-12-19T23:59:59.999Z","2023-12-19T19:37:00.000Z","2023-12-19T00:34:00.000Z","2781",2.2845690074,2.4819532659,2.2653453708,2.4362860023,246189452.86,2447654860.29,"2023-12-19T23:59:59.999Z"
"2023-12-18T00:00:00.000Z","2023-12-18T23:59:59.999Z","2023-12-18T22:01:00.000Z","2023-12-18T10:37:00.000Z","2781",2.2687478582,2.3129098937,2.0792542868,2.2844504913,173764107.9,2295110813.23,"2023-12-18T23:59:59.999Z"
"2023-12-17T00:00:00.000Z","2023-12-17T23:59:59.999Z","2023-12-17T10:56:00.000Z","2023-12-17T23:34:00.000Z","2781",2.3820645649,2.4690075656,2.2635686486,2.2693672799,168575485.49,2279957216.55,"2023-12-17T23:59:59.999Z"
"2023-12-16T00:00:00.000Z","2023-12-16T23:59:59.999Z","2023-12-16T18:23:00.000Z","2023-12-16T00:40:00.000Z","2781",2.1900588085,2.4407718316,2.1672617257,2.3820388329,206174964.71,2393154548.01,"2023-12-16T23:59:59.999Z"
"2023-12-15T00:00:00.000Z","2023-12-15T23:59:59.999Z","2023-12-15T00:00:00.000Z","2023-12-15T23:45:00.000Z","2781",2.3242167812,2.3242167812,2.187848324,2.189848457,158476650.64,2200067321.34,"2023-12-15T23:59:59.999Z"
"2023-12-14T00:00:00.000Z","2023-12-14T23:59:59.999Z","2023-12-14T17:50:00.000Z","2023-12-14T13:36:00.000Z","2781",2.3271834488,2.3484944407,2.2170968265,2.3243590694,179809906.46,2335205623.65,"2023-12-14T23:59:59.999Z"
"2023-12-13T00:00:00.000Z","2023-12-13T23:59:59.999Z","2023-12-13T23:09:00.000Z","2023-12-13T07:02:00.000Z","2781",2.3022028377,2.3388650646,2.1132617521,2.3272428157,207704515.25,2338102826.81,"2023-12-13T23:59:59.999Z"
"2023-12-12T00:00:00.000Z","2023-12-12T23:59:59.999Z","2023-12-12T14:10:00.000Z","2023-12-12T22:04:00.000Z","2781",2.2397825728,2.4539682887,2.2277109141,2.3020998197,284496374.28,2312842501.77,"2023-12-12T23:59:59.999Z"
"2023-12-11T00:00:00.000Z","2023-12-11T23:59:59.999Z","2023-12-11T00:23:00.000Z","2023-12-11T18:32:00.000Z","2781",2.5162933615,2.5366354218,2.1910281565,2.2398446554,312825813.95,2250296825.55,"2023-12-11T23:59:59.999Z"
"2023-12-10T00:00:00.000Z","2023-12-10T23:59:59.999Z","2023-12-10T21:08:00.000Z","2023-12-10T13:37:00.000Z","2781",2.4265065887,2.5895497108,2.3861208779,2.51614549,199038878.02,2526417545.81,"2023-12-10T23:59:59.999Z"
"2023-12-09T00:00:00.000Z","2023-12-09T23:59:59.999Z","2023-12-09T15:40:00.000Z","2023-12-09T00:02:00.000Z","2781",2.3833381956,2.5939911501,2.3803570729,2.4265577033,343260775.88,2435789726.48,"2023-12-09T23:59:59.999Z"
"2023-12-08T00:00:00.000Z","2023-12-08T23:59:59.999Z","2023-12-08T23:30:00.000Z","2023-12-08T09:13:00.000Z","2781",2.2696635943,2.3917537553,2.1953658274,2.3837582802,212755910.73,2392827469.74,"2023-12-08T23:59:59.999Z"
"2023-12-07T00:00:00.000Z","2023-12-07T23:59:59.999Z","2023-12-07T04:49:00.000Z","2023-12-07T19:54:00.000Z","2781",2.2871198695,2.3666717169,2.216358981,2.2697596977,179250422.64,2278053311.13,"2023-12-07T23:59:59.999Z"
"2023-12-06T00:00:00.000Z","2023-12-06T23:59:59.999Z","2023-12-06T20:23:00.000Z","2023-12-06T15:02:00.000Z","2781",2.2524249264,2.3931849823,2.2458916395,2.2864288053,244662448.52,2294783327.01,"2023-12-06T23:59:59.999Z"
"2023-12-05T00:00:00.000Z","2023-12-05T23:59:59.999Z","2023-12-05T02:01:00.000Z","2023-12-05T00:07:00.000Z","2781",2.1476285258,2.3144942967,2.1374433323,2.2521872863,287564117.54,2260416690.78,"2023-12-05T23:59:59.999Z"
"2023-12-04T00:00:00.000Z","2023-12-04T23:59:59.999Z","2023-12-04T13:49:00.000Z","2023-12-04T00:08:00.000Z","2781",1.9827529177,2.1868965577,1.9797044179,2.1477019081,367599229.91,2155549527.13,"2023-12-04T23:59:59.999Z"
"2023-12-03T00:00:00.000Z","2023-12-03T23:59:59.999Z","2023-12-03T09:56:00.000Z","2023-12-03T14:20:00.000Z","2781",2.0104969935,2.0209428458,1.9562524754,1.983137789,126051500.13,1990384097.11,"2023-12-03T23:59:59.999Z"
"2023-12-02T00:00:00.000Z","2023-12-02T23:59:59.999Z","2023-12-02T20:47:00.000Z","2023-12-02T00:10:00.000Z","2781",1.893603442,2.0281026731,1.8929297907,2.0106162309,135412726.37,2017398887.9,"2023-12-02T23:59:59.999Z"
"2023-12-01T00:00:00.000Z","2023-12-01T23:59:59.999Z","2023-12-01T22:26:00.000Z","2023-12-01T06:12:00.000Z","2781",1.8807711793,1.9060813993,1.8579266355,1.8936799811,94762842.69,1900068162.81,"2023-12-01T23:59:59.999Z"
"2023-11-30T00:00:00.000Z","2023-11-30T23:59:59.999Z","2023-11-30T21:32:00.000Z","2023-11-30T02:25:00.000Z","2781",1.7999113982,1.888671186,1.7886458051,1.8808507191,120392388.32,1887159282.35,"2023-11-30T23:59:59.999Z"
"2023-11-29T00:00:00.000Z","2023-11-29T23:59:59.999Z","2023-11-29T09:10:00.000Z","2023-11-29T15:16:00.000Z","2781",1.819282822,1.88874866,1.7967161009,1.8001331279,103896852.69,1805211838.05,"2023-11-29T23:59:59.999Z"
"2023-11-28T00:00:00.000Z","2023-11-28T23:59:59.999Z","2023-11-28T18:04:00.000Z","2023-11-28T09:14:00.000Z","2781",1.7812692754,1.8235611232,1.7328526254,1.8192374779,93797753.04,1824370087.11,"2023-11-28T23:59:59.999Z"
"2023-11-27T00:00:00.000Z","2023-11-27T23:59:59.999Z","2023-11-27T00:43:00.000Z","2023-11-27T15:58:00.000Z","2781",1.8279504681,1.8308831492,1.7358084481,1.7812859029,96599730.77,1785723315.83,"2023-11-27T23:59:59.999Z"
"2023-11-26T00:00:00.000Z","2023-11-26T23:59:59.999Z","2023-11-26T03:01:00.000Z","2023-11-26T16:38:00.000Z","2781",1.8865647341,1.9141590762,1.7965640409,1.8284195625,102354282.29,1832368674.46,"2023-11-26T23:59:59.999Z"
"2023-11-25T00:00:00.000Z","2023-11-25T23:59:59.999Z","2023-11-25T02:47:00.000Z","2023-11-25T11:46:00.000Z","2781",1.836617407,1.9072238977,1.8226674214,1.8866440463,170693535.84,1890267706.59,"2023-11-25T23:59:59.999Z"
"2023-11-24T00:00:00.000Z","2023-11-24T23:59:59.999Z","2023-11-24T16:31:00.000Z","2023-11-24T07:10:00.000Z","2781",1.8080383013,1.9115479886,1.7780674434,1.8365405908,147308559.7,1839442752.88,"2023-11-24T23:59:59.999Z"
"2023-11-23T00:00:00.000Z","2023-11-23T23:59:59.999Z","2023-11-23T10:01:00.000Z","2023-11-23T15:28:00.000Z","2781",1.8258806231,1.854065244,1.771266776,1.8081243911,162544167.85,1810397443.93,"2023-11-23T23:59:59.999Z"
"2023-11-22T00:00:00.000Z","2023-11-22T23:59:59.999Z","2023-11-22T21:14:00.000Z","2023-11-22T00:01:00.000Z","2781",1.7593526595,1.8614931717,1.7510857765,1.8260285463,215719794.48,1827700487.28,"2023-11-22T23:59:59.999Z"
"2023-11-21T00:00:00.000Z","2023-11-21T23:59:59.999Z","2023-11-21T00:17:00.000Z","2023-11-21T22:59:00.000Z","2781",1.9981423596,2.0368946472,1.7391809094,1.7595242589,287472197.54,1760715113.74,"2023-11-21T23:59:59.999Z"
"2023-11-20T00:00:00.000Z","2023-11-20T23:59:59.999Z","2023-11-20T09:25:00.000Z","2023-11-20T21:22:00.000Z","2781",1.9878204799,2.1826709401,1.979518247,1.9982653473,408925683.28,1998954587,"2023-11-20T23:59:59.999Z"
"2023-11-19T00:00:00.000Z","2023-11-19T23:59:59.999Z","2023-11-19T20:09:00.000Z","2023-11-19T01:34:00.000Z","2781",1.7704508778,2.0471084094,1.7186029817,1.9880699841,250322767.81,1988097646.15,"2023-11-19T23:59:59.999Z"
"2023-11-18T00:00:00.000Z","2023-11-18T23:59:59.999Z","2023-11-18T00:22:00.000Z","2023-11-18T07:07:00.000Z","2781",1.8690508381,1.8885131637,1.6854801229,1.7702906256,195649483.81,1769724339.75,"2023-11-18T23:59:59.999Z"
"2023-11-17T00:00:00.000Z","2023-11-17T23:59:59.999Z","2023-11-17T02:46:00.000Z","2023-11-17T00:16:00.000Z","2781",1.7260978186,1.9411001211,1.7155387783,1.8687721727,375242289.6,1867712038.81,"2023-11-17T23:59:59.999Z"
"2023-11-16T00:00:00.000Z","2023-11-16T23:59:59.999Z","2023-11-16T08:04:00.000Z","2023-11-16T19:37:00.000Z","2781",1.7028833794,1.8539341497,1.6587933782,1.725802951,284432523.37,1724266641.22,"2023-11-16T23:59:59.999Z"
"2023-11-15T00:00:00.000Z","2023-11-15T23:59:59.999Z","2023-11-15T16:55:00.000Z","2023-11-15T00:04:00.000Z","2781",1.537148728,1.7262866084,1.536839309,1.7031873651,199080715.17,1701072299.39,"2023-11-15T23:59:59.999Z"
"2023-11-14T00:00:00.000Z","2023-11-14T23:59:59.999Z","2023-11-14T07:55:00.000Z","2023-11-14T18:56:00.000Z","2781",1.5939094126,1.6241867015,1.4685354257,1.5369649339,171103022.01,1534687357.8,"2023-11-14T23:59:59.999Z"
"2023-11-13T00:00:00.000Z","2023-11-13T23:59:59.999Z","2023-11-13T01:46:00.000Z","2023-11-13T23:59:00.000Z","2781",1.6981925668,1.74184275,1.5944817854,1.5944817854,234077279.48,1584743521.34,"2023-11-13T23:59:59.999Z"
"2023-11-12T00:00:00.000Z","2023-11-12T23:59:59.999Z","2023-11-12T12:14:00.000Z","2023-11-12T00:52:00.000Z","2781",1.598495753,1.7963206531,1.5342789777,1.6979577968,271927088.25,1687037360.9,"2023-11-12T23:59:59.999Z"
"2023-11-11T00:00:00.000Z","2023-11-11T23:59:59.999Z","2023-11-11T22:29:00.000Z","2023-11-11T04:32:00.000Z","2781",1.5580552572,1.629905422,1.4779218583,1.5985071458,207096317.76,1587708095.13,"2023-11-11T23:59:59.999Z"
"2023-11-10T00:00:00.000Z","2023-11-10T23:59:59.999Z","2023-11-10T23:10:00.000Z","2023-11-10T08:20:00.000Z","2781",1.4364212563,1.5830030248,1.4098317984,1.558739444,176766503.46,1547701770.01,"2023-11-10T23:59:59.999Z"
"2023-11-09T00:00:00.000Z","2023-11-09T23:59:59.999Z","2023-11-09T15:22:00.000Z","2023-11-09T20:42:00.000Z","2781",1.475595146,1.5645508241,1.3502833252,1.4361618921,212593595.63,1425641823.81,"2023-11-09T23:59:59.999Z"
"2023-11-08T00:00:00.000Z","2023-11-08T23:59:59.999Z","2023-11-08T19:19:00.000Z","2023-11-08T01:25:00.000Z","2781",1.4490777251,1.4906763086,1.4217245422,1.4759635492,104735890.9,1464657975.39,"2023-11-08T23:59:59.999Z"
"2023-11-07T00:00:00.000Z","2023-11-07T23:59:59.999Z","2023-11-07T00:00:00.000Z","2023-11-07T17:08:00.000Z","2781",1.5843238821,1.5843238821,1.4180959972,1.4491641606,147239346.64,1437582944.9,"2023-11-07T23:59:59.999Z"
"2023-11-06T00:00:00.000Z","2023-11-06T23:59:59.999Z","2023-11-06T00:07:00.000Z","2023-11-06T15:55:00.000Z","2781",1.6368560597,1.6697680227,1.5617172925,1.5843529715,134093253.38,1571171218.13,"2023-11-06T23:59:59.999Z"
"2023-11-05T00:00:00.000Z","2023-11-05T23:59:59.999Z","2023-11-05T15:32:00.000Z","2023-11-05T00:32:00.000Z","2781",1.5146680723,1.6736824742,1.5004447299,1.6368502354,183176847.94,1622837975.71,"2023-11-05T23:59:59.999Z"
"2023-11-04T00:00:00.000Z","2023-11-04T23:59:59.999Z","2023-11-04T23:13:00.000Z","2023-11-04T01:37:00.000Z","2781",1.4764751043,1.5334744273,1.4596604387,1.5146745136,77560600.66,1501210477.9,"2023-11-04T23:59:59.999Z"
"2023-11-03T00:00:00.000Z","2023-11-03T23:59:59.999Z","2023-11-03T09:01:00.000Z","2023-11-03T01:23:00.000Z","2781",1.5242153251,1.5555899103,1.4582679581,1.4765263189,124821364.79,1462914516.64,"2023-11-03T23:59:59.999Z"
"2023-11-02T00:00:00.000Z","2023-11-02T23:59:59.999Z","2023-11-02T21:25:00.000Z","2023-11-02T06:22:00.000Z","2781",1.5281198328,1.5627084106,1.4556648474,1.5241831597,209110320.54,1509627961.96,"2023-11-02T23:59:59.999Z"
"2023-11-01T00:00:00.000Z","2023-11-01T23:59:59.999Z","2023-11-01T22:34:00.000Z","2023-11-01T06:31:00.000Z","2781",1.333984363,1.5616094975,1.3247777677,1.5283266992,253078565.96,1513360382.76,"2023-11-01T23:59:59.999Z"
"2023-10-31T00:00:00.000Z","2023-10-31T23:59:59.999Z","2023-10-31T23:55:00.000Z","2023-10-31T15:19:00.000Z","2781",1.3228346638,1.335423501,1.2585038951,1.3341376176,93354179.68,1320626913.98,"2023-10-31T23:59:59.999Z"
"2023-10-30T00:00:00.000Z","2023-10-30T23:59:59.999Z","2023-10-30T23:49:00.000Z","2023-10-30T06:13:00.000Z","2781",1.2707605917,1.3241184595,1.2488149779,1.3229601216,73417249.76,1309121334.31,"2023-10-30T23:59:59.999Z"
"2023-10-29T00:00:00.000Z","2023-10-29T23:59:59.999Z","2023-10-29T23:31:00.000Z","2023-10-29T04:08:00.000Z","2781",1.2197595134,1.2753342326,1.2002789199,1.2702497208,56110208.84,1256537959.35,"2023-10-29T23:59:59.999Z"
"2023-10-28T00:00:00.000Z","2023-10-28T23:59:59.999Z","2023-10-28T09:17:00.000Z","2023-10-28T14:48:00.000Z","2781",1.2211547353,1.2581915276,1.2120159395,1.2197602379,58250233.69,1206292554.12,"2023-10-28T23:59:59.999Z"
"2023-10-27T00:00:00.000Z","2023-10-27T23:59:59.999Z","2023-10-27T16:37:00.000Z","2023-10-27T02:04:00.000Z","2781",1.1919665612,1.2493778882,1.161129006,1.2211495574,89627592.79,1207250808.03,"2023-10-27T23:59:59.999Z"
"2023-10-26T00:00:00.000Z","2023-10-26T23:59:59.999Z","2023-10-26T13:06:00.000Z","2023-10-26T02:32:00.000Z","2781",1.1416685586,1.2125517398,1.138777211,1.1919637435,108305761.05,1178039271.94,"2023-10-26T23:59:59.999Z"
"2023-10-25T00:00:00.000Z","2023-10-25T23:59:59.999Z","2023-10-25T16:16:00.000Z","2023-10-25T08:16:00.000Z","2781",1.1354149082,1.1614759376,1.1083904257,1.141533708,74692063.03,1127950004.78,"2023-10-25T23:59:59.999Z"
"2023-10-24T00:00:00.000Z","2023-10-24T23:59:59.999Z","2023-10-24T13:00:00.000Z","2023-10-24T07:32:00.000Z","2781",1.0973323166,1.1675033171,1.0911222901,1.1353492777,117891206.88,1121447638.76,"2023-10-24T23:59:59.999Z"
"2023-10-23T00:00:00.000Z","2023-10-23T23:59:59.999Z","2023-10-23T23:02:00.000Z","2023-10-23T13:40:00.000Z","2781",1.0605930168,1.1067381782,1.0494566082,1.0974027847,83097434.7,1083600612.72,"2023-10-23T23:59:59.999Z"
"2023-10-22T00:00:00.000Z","2023-10-22T23:59:59.999Z","2023-10-22T23:45:00.000Z","2023-10-22T15:51:00.000Z","2781",1.0402005693,1.0563282992,1.0222563169,1.053613326,40772534.98,1040105530.05,"2023-10-22T23:59:59.999Z"
"2023-10-21T00:00:00.000Z","2023-10-21T23:59:59.999Z","2023-10-21T17:48:00.000Z","2023-10-21T02:08:00.000Z","2781",1.0055725082,1.0491138874,0.9995352852,1.0401796126,38546444.2,1026497525.8,"2023-10-21T23:59:59.999Z"
"2023-10-20T00:00:00.000Z","2023-10-20T23:59:59.999Z","2023-10-20T10:46:00.000Z","2023-10-20T01:17:00.000Z","2781",0.9866565918,1.017405051,0.9829045141,1.0055705982,40963262.01,992002201.83,"2023-10-20T23:59:59.999Z"
"2023-10-19T00:00:00.000Z","2023-10-19T23:59:59.999Z","2023-10-19T01:22:00.000Z","2023-10-19T19:04:00.000Z","2781",0.9995667499,1.0008092299,0.9723924013,0.9867097231,33164446.99,973066969.32,"2023-10-19T23:59:59.999Z"
"2023-10-18T00:00:00.000Z","2023-10-18T23:59:59.999Z","2023-10-18T05:03:00.000Z","2023-10-18T21:22:00.000Z","2781",1.0089244147,1.0149838364,0.9907687316,0.9996701556,28586628.16,985603490.93,"2023-10-18T23:59:59.999Z"
"2023-10-17T00:00:00.000Z","2023-10-17T23:59:59.999Z","2023-10-17T04:50:00.000Z","2023-10-17T20:19:00.000Z","2781",1.0344437971,1.0396611171,1.0034862748,1.0089083604,35592155.64,994372776.5,"2023-10-17T23:59:59.999Z"
"2023-10-16T00:00:00.000Z","2023-10-16T23:59:59.999Z","2023-10-16T13:35:00.000Z","2023-10-16T16:00:00.000Z","2781",1.0255206781,1.0614149017,1.0230644696,1.0345178159,46378603.17,1019271055.14,"2023-10-16T23:59:59.999Z"
"2023-10-15T00:00:00.000Z","2023-10-15T23:59:59.999Z","2023-10-15T22:13:00.000Z","2023-10-15T00:43:00.000Z","2781",1.0110647254,1.0342113358,1.0082941695,1.0255213358,30636304.42,1010158579.09,"2023-10-15T23:59:59.999Z"
"2023-10-14T00:00:00.000Z","2023-10-14T23:59:59.999Z","2023-10-14T16:02:00.000Z","2023-10-14T06:33:00.000Z","2781",1.0083983801,1.0155662685,1.0051410826,1.0111529043,25337659.84,990938290.39,"2023-10-14T23:59:59.999Z"
"2023-10-13T00:00:00.000Z","2023-10-13T23:59:59.999Z","2023-10-13T21:05:00.000Z","2023-10-13T20:01:00.000Z","2781",1.0117225718,1.0183120473,0.9988430822,1.0083218995,53614006.49,988163882.02,"2023-10-13T23:59:59.999Z"
"2023-10-12T00:00:00.000Z","2023-10-12T23:59:59.999Z","2023-10-12T00:01:00.000Z","2023-10-12T14:36:00.000Z","2781",1.0277148963,1.0282850064,1.0017435871,1.011749425,41051321.71,991116337.36,"2023-10-12T23:59:59.999Z"
"2023-10-11T00:00:00.000Z","2023-10-11T23:59:59.999Z","2023-10-11T00:58:00.000Z","2023-10-11T16:56:00.000Z","2781",1.0434570821,1.0447303632,1.0088870072,1.0278125986,35760230.49,1006439609.74,"2023-10-11T23:59:59.999Z"
"2023-10-10T00:00:00.000Z","2023-10-10T23:59:59.999Z","2023-10-10T10:35:00.000Z","2023-10-10T02:10:00.000Z","2781",1.0407205938,1.0574876568,1.0348471043,1.0434283816,27898719.5,1021401748.29,"2023-10-10T23:59:59.999Z"
"2023-10-09T00:00:00.000Z","2023-10-09T23:59:59.999Z","2023-10-09T04:30:00.000Z","2023-10-09T16:47:00.000Z","2781",1.0937140005,1.0959858736,1.0275025241,1.040730581,43103659.87,1017924844.65,"2023-10-09T23:59:59.999Z"
"2023-10-08T00:00:00.000Z","2023-10-08T23:59:59.999Z","2023-10-08T21:15:00.000Z","2023-10-08T10:52:00.000Z","2781",1.0910868231,1.1003862542,1.0785070376,1.0936845379,26223889.79,1069718410.98,"2023-10-08T23:59:59.999Z"
"2023-10-07T00:00:00.000Z","2023-10-07T23:59:59.999Z","2023-10-07T06:05:00.000Z","2023-10-07T19:59:00.000Z","2781",1.0929813632,1.107836369,1.0846457703,1.0911298796,28008577.96,1066782227.4,"2023-10-07T23:59:59.999Z"
"2023-10-06T00:00:00.000Z","2023-10-06T23:59:59.999Z","2023-10-06T17:38:00.000Z","2023-10-06T00:00:00.000Z","2781",1.073352249,1.1013956734,1.073352249,1.0929853269,34704566.23,1068254147.86,"2023-10-06T23:59:59.999Z"
"2023-10-05T00:00:00.000Z","2023-10-05T23:59:59.999Z","2023-10-05T08:56:00.000Z","2023-10-05T22:08:00.000Z","2781",1.0993678209,1.1071461565,1.0727093128,1.0733168441,42219229.8,1048598265.98,"2023-10-05T23:59:59.999Z"
"2023-10-04T00:00:00.000Z","2023-10-04T23:59:59.999Z","2023-10-04T23:19:00.000Z","2023-10-04T00:46:00.000Z","2781",1.0987764239,1.1043406591,1.0697844898,1.0992237756,48500100.67,1073463352.15,"2023-10-04T23:59:59.999Z"
"2023-10-03T00:00:00.000Z","2023-10-03T23:59:59.999Z","2023-10-03T06:53:00.000Z","2023-10-03T19:04:00.000Z","2781",1.1153627147,1.1221689091,1.0961934066,1.0987144042,46018699.6,1072519291.6,"2023-10-03T23:59:59.999Z"
"2023-10-02T00:00:00.000Z","2023-10-02T23:59:59.999Z","2023-10-02T03:46:00.000Z","2023-10-02T21:50:00.000Z","2781",1.1606025896,1.1693224356,1.1102507299,1.1153990526,49029638.7,1088431097.13,"2023-10-02T23:59:59.999Z"
"2023-10-01T00:00:00.000Z","2023-10-01T23:59:59.999Z","2023-10-01T22:34:00.000Z","2023-10-01T04:43:00.000Z","2781",1.1339612178,1.1684312715,1.1289867445,1.1606206514,37359861.17,1132089767.34,"2023-10-01T23:59:59.999Z"
"2023-09-30T00:00:00.000Z","2023-09-30T23:59:59.999Z","2023-09-30T16:29:00.000Z","2023-09-30T02:13:00.000Z","2781",1.1224278389,1.1471731477,1.1214409655,1.1339873516,32204241.26,1105652831.48,"2023-09-30T23:59:59.999Z"
"2023-09-29T00:00:00.000Z","2023-09-29T23:59:59.999Z","2023-09-29T22:40:00.000Z","2023-09-29T14:13:00.000Z","2781",1.1073430275,1.1269810236,1.0988416445,1.1224944772,38519973.32,1078584547.45,"2023-09-29T23:59:59.999Z"
"2023-09-28T00:00:00.000Z","2023-09-28T23:59:59.999Z","2023-09-28T23:20:00.000Z","2023-09-28T04:16:00.000Z","2781",1.0757622041,1.1087152652,1.0739400879,1.1072847958,34641004.03,1042698553.41,"2023-09-28T23:59:59.999Z"
"2023-09-27T00:00:00.000Z","2023-09-27T23:59:59.999Z","2023-09-27T12:05:00.000Z","2023-09-27T18:10:00.000Z","2781",1.0799402022,1.0967595783,1.0618026494,1.0757593436,36262897.63,1013011933.04,"2023-09-27T23:59:59.999Z"
"2023-09-26T00:00:00.000Z","2023-09-26T23:59:59.999Z","2023-09-26T03:46:00.000Z","2023-09-26T22:57:00.000Z","2781",1.1010193449,1.1053897476,1.0747434097,1.0798274104,35473070.38,1016842715.61,"2023-09-26T23:59:59.999Z"
"2023-09-25T00:00:00.000Z","2023-09-25T23:59:59.999Z","2023-09-25T01:32:00.000Z","2023-09-25T00:25:00.000Z","2781",1.0944301858,1.1140823271,1.0903661835,1.1010760386,31732606.2,1036851943.58,"2023-09-25T23:59:59.999Z"
"2023-09-24T00:00:00.000Z","2023-09-24T23:59:59.999Z","2023-09-24T00:00:00.000Z","2023-09-24T23:43:00.000Z","2781",1.1156019943,1.1156019943,1.0929897006,1.0946647652,26523015.27,1030814630.03,"2023-09-24T23:59:59.999Z"
"2023-09-23T00:00:00.000Z","2023-09-23T23:59:59.999Z","2023-09-23T00:16:00.000Z","2023-09-23T15:40:00.000Z","2781",1.1213029947,1.1243616633,1.1084662063,1.115632667,24410463.95,1050559505.96,"2023-09-23T23:59:59.999Z"
"2023-09-22T00:00:00.000Z","2023-09-22T23:59:59.999Z","2023-09-22T02:11:00.000Z","2023-09-22T17:44:00.000Z","2781",1.1253410219,1.1317730699,1.1043013751,1.1215358195,37267440.31,1056118336.51,"2023-09-22T23:59:59.999Z"
"2023-09-21T00:00:00.000Z","2023-09-21T23:59:59.999Z","2023-09-21T00:49:00.000Z","2023-09-21T11:01:00.000Z","2781",1.1213209696,1.1513025739,1.1029543275,1.1253281587,74207781.65,1059689474.37,"2023-09-21T23:59:59.999Z"
"2023-09-20T00:00:00.000Z","2023-09-20T23:59:59.999Z","2023-09-20T02:04:00.000Z","2023-09-20T19:22:00.000Z","2781",1.1207772957,1.1309830147,1.1020563361,1.1213151492,41025217.43,1055910537.6,"2023-09-20T23:59:59.999Z"
"2023-09-19T00:00:00.000Z","2023-09-19T23:59:59.999Z","2023-09-19T09:38:00.000Z","2023-09-19T01:04:00.000Z","2781",1.1002568048,1.1307978764,1.0919362549,1.1208031077,38336334.64,1055428362.71,"2023-09-19T23:59:59.999Z"
"2023-09-18T00:00:00.000Z","2023-09-18T23:59:59.999Z","2023-09-18T12:41:00.000Z","2023-09-18T01:37:00.000Z","2781",1.0961380499,1.1266205054,1.0815370305,1.1001627138,47571875.91,1035991891.67,"2023-09-18T23:59:59.999Z"
"2023-09-17T00:00:00.000Z","2023-09-17T23:59:59.999Z","2023-09-17T00:00:00.000Z","2023-09-17T20:58:00.000Z","2781",1.1289820692,1.1289820692,1.0834247608,1.0964557165,29983395.97,1032501117.91,"2023-09-17T23:59:59.999Z"
"2023-09-16T00:00:00.000Z","2023-09-16T23:59:59.999Z","2023-09-16T02:22:00.000Z","2023-09-16T19:54:00.000Z","2781",1.1291522727,1.1408186673,1.1184050119,1.1289721421,28195843.62,1063120909.7,"2023-09-16T23:59:59.999Z"
"2023-09-15T00:00:00.000Z","2023-09-15T23:59:59.999Z","2023-09-15T23:08:00.000Z","2023-09-15T08:12:00.000Z","2781",1.1076769883,1.131419289,1.0992853358,1.1292154426,39783376.42,1063350018.89,"2023-09-15T23:59:59.999Z"
"2023-09-14T00:00:00.000Z","2023-09-14T23:59:59.999Z","2023-09-14T18:37:00.000Z","2023-09-14T05:59:00.000Z","2781",1.0901363488,1.1160657934,1.0859133005,1.1076314665,36443523.06,1043025003.37,"2023-09-14T23:59:59.999Z"
"2023-09-13T00:00:00.000Z","2023-09-13T23:59:59.999Z","2023-09-13T07:43:00.000Z","2023-09-13T00:08:00.000Z","2781",1.0699921015,1.0992685818,1.0681942506,1.0901552667,39726101.42,1026568163.74,"2023-09-13T23:59:59.999Z"