time,open,high,low,close,volume,trades
2021-06-17T00:00:00.000Z,40.23,40.57,38.3,39.13,6007.61849007,258
2021-06-18T00:00:00.000Z,39.14,39.36,35.0,36.62,13557.35719612,526
2021-06-19T00:00:00.000Z,36.82,37.35,35.0,35.45,16986.16371574,574
2021-06-20T00:00:00.000Z,35.09,35.89,31.48,35.28,38681.26577486,1229
2021-06-21T00:00:00.000Z,35.08,35.08,26.0,26.55,41903.6132244999,1588
2021-06-22T00:00:00.000Z,26.43,28.69,20.2,26.18,43706.21997977,1716
2021-06-23T00:00:00.000Z,26.79,32.71,26.79,30.0,37290.4445807601,1284
2021-06-24T00:00:00.000Z,30.27,33.56,28.64,32.6,8774.80985671,320
2021-06-25T00:00:00.000Z,29.47,29.47,28.37,29.03,4162.9562963,111
2021-06-26T00:00:00.000Z,28.69,30.02,26.7,29.38,26213.15592514,872
2021-06-27T00:00:00.000Z,29.75,31.86,29.22,31.75,8770.79977198,369
2021-06-28T00:00:00.000Z,31.85,39.02,31.27,32.98,31822.5439439,788
2021-06-29T00:00:00.000Z,32.98,40.0,32.87,33.78,41821.27190536,997
2021-06-30T00:00:00.000Z,33.88,35.83,31.32,35.83,79213.6141952599,2107
2021-07-01T00:00:00.000Z,35.57,35.57,32.4,33.4,36924.8431896101,1396
2021-07-02T00:00:00.000Z,33.24,34.07,31.44,34.07,45209.4887751999,1801
2021-07-03T00:00:00.000Z,34.05,35.35,33.34,34.53,38210.4483131599,1472
2021-07-04T00:00:00.000Z,34.43,35.54,33.61,34.36,51599.70355906,1338
2021-07-05T00:00:00.000Z,34.33,34.47,32.46,32.91,34278.7218998301,1392
2021-07-06T00:00:00.000Z,33.05,35.0,33.02,34.29,52631.22243746,1323
2021-07-07T00:00:00.000Z,34.16,40.0,33.89,36.5,105047.0629772495,2428
2021-07-08T00:00:00.000Z,36.6,36.99,32.75,33.19,121745.7299059899,2973
2021-07-09T00:00:00.000Z,33.19,34.41,32.01,33.33,55544.40437247,1559
2021-07-10T00:00:00.000Z,33.34,34.16,31.09,31.72,30297.74290243,1130
2021-07-11T00:00:00.000Z,31.72,32.57,31.42,32.06,23938.04596829,741
2021-07-12T00:00:00.000Z,32.17,32.62,30.09,30.96,46221.7752249699,1173
2021-07-13T00:00:00.000Z,30.65,31.03,28.87,29.16,56957.52221411,1313
2021-07-14T00:00:00.000Z,29.08,31.43,27.45,31.32,57111.07201248,1670
2021-07-15T00:00:00.000Z,31.32,31.41,28.07,28.51,92720.05468001,2083
2021-07-16T00:00:00.000Z,28.53,29.4,26.19,26.29,93684.11124659,2057
2021-07-17T00:00:00.000Z,26.27,27.77,26.01,26.73,62718.5463429299,954
2021-07-18T00:00:00.000Z,26.78,27.72,26.35,26.82,33297.02050214,645
2021-07-19T00:00:00.000Z,26.67,26.67,23.82,24.52,217874.0903622097,3394
2021-07-20T00:00:00.000Z,24.61,24.95,22.22,23.44,71017.2163323698,1836
2021-07-21T00:00:00.000Z,23.42,27.42,22.84,26.61,85280.1748451998,1931
2021-07-22T00:00:00.000Z,26.74,28.13,25.94,27.87,79836.13761698,1587
2021-07-23T00:00:00.000Z,27.86,28.63,26.47,28.49,36903.36613024,798
2021-07-24T00:00:00.000Z,28.55,29.48,28.07,28.64,50718.3194582701,1272
2021-07-25T00:00:00.000Z,28.56,28.82,26.61,28.27,27269.32700671,803
2021-07-26T00:00:00.000Z,28.27,31.14,27.88,28.33,115082.25942596,3000
2021-07-27T00:00:00.000Z,28.07,28.97,26.94,28.13,57110.0141029699,1560
2021-07-28T00:00:00.000Z,28.06,28.75,27.38,27.83,74923.21515248,1578
2021-07-29T00:00:00.000Z,27.76,31.85,27.38,31.25,70450.20575349,1835
2021-07-30T00:00:00.000Z,31.3,33.0,30.0,32.42,82274.8033587101,2296
2021-07-31T00:00:00.000Z,32.41,36.96,31.72,36.7,80069.4154097598,2655
2021-08-01T00:00:00.000Z,36.79,40.78,33.17,34.32,83650.4793588298,2800
2021-08-02T00:00:00.000Z,34.17,35.87,33.07,33.21,53333.8613413501,1975
2021-08-03T00:00:00.000Z,33.18,35.8,32.39,34.07,100235.3829746201,2673
2021-08-04T00:00:00.000Z,34.08,36.65,33.22,35.77,87916.7931455599,2356
2021-08-05T00:00:00.000Z,35.75,38.2,35.53,37.36,85725.66576667,3083
2021-08-06T00:00:00.000Z,37.39,40.35,35.73,39.49,67057.12866416,2366
2021-08-07T00:00:00.000Z,39.41,40.5,37.54,39.42,75935.8138676002,2594
2021-08-08T00:00:00.000Z,39.52,39.53,36.95,37.64,41940.07673885,1691
2021-08-09T00:00:00.000Z,37.67,40.0,36.37,38.8,72398.49790718,2107
2021-08-10T00:00:00.000Z,38.64,41.65,38.26,40.67,83000.2215599902,2880
2021-08-11T00:00:00.000Z,40.68,43.7,40.68,41.71,74184.27279637,3002
2021-08-12T00:00:00.000Z,41.71,43.4,39.38,41.01,55304.08955605,2642
2021-08-13T00:00:00.000Z,41.11,44.9,40.75,44.9,129071.3893655596,4336
2021-08-14T00:00:00.000Z,44.76,44.85,42.8,44.17,40881.57624739,1794
2021-08-15T00:00:00.000Z,44.18,54.75,43.45,53.46,119589.6374759297,5140
2021-08-16T00:00:00.000Z,53.76,69.06,52.4,62.15,379343.8105430997,14069
2021-08-17T00:00:00.000Z,62.36,75.0,58.87,64.18,366376.012864906,15813
2021-08-18T00:00:00.000Z,64.23,114.0,59.83,72.8,561324.4670693139,19479
2021-08-19T00:00:00.000Z,72.76,75.34,68.4,72.79,278900.0934632006,9656
2021-08-20T00:00:00.000Z,72.8,79.94,71.0,78.85,301633.4857179511,10305
2021-08-21T00:00:00.000Z,78.69,84.0,72.68,73.8,212867.5796414692,8383
2021-08-22T00:00:00.000Z,73.92,77.61,71.34,72.66,118089.3305329302,4620
2021-08-23T00:00:00.000Z,72.82,76.7,71.67,75.63,123445.36104096,5596
2021-08-24T00:00:00.000Z,75.69,79.38,66.0,70.83,233941.1273297908,12299
2021-08-25T00:00:00.000Z,70.56,72.7,66.23,71.95,171898.6336805989,8808
2021-08-26T00:00:00.000Z,71.96,78.32,66.34,74.74,306416.0775653733,15395
2021-08-27T00:00:00.000Z,74.95,88.92,72.71,87.99,379522.505025242,18515
2021-08-28T00:00:00.000Z,87.91,97.89,85.66,96.24,219137.9320951398,11243
2021-08-29T00:00:00.000Z,96.29,97.81,90.53,94.28,135138.74650936,8641
2021-08-30T00:00:00.000Z,94.2,116.45,93.79,110.37,443938.4156718467,26184
2021-08-31T00:00:00.000Z,110.02,134.0,103.23,108.4,657346.2767904509,39075
2021-09-01T00:00:00.000Z,108.09,119.58,105.69,110.81,383503.1679466218,22741
2021-09-02T00:00:00.000Z,110.8,131.9,109.37,128.3,470028.7567247629,20979
2021-09-03T00:00:00.000Z,128.14,148.98,128.13,146.49,442250.0911928024,26908
2021-09-04T00:00:00.000Z,146.5,150.52,135.89,138.95,293281.2183311529,14760
2021-09-05T00:00:00.000Z,139.21,144.94,135.0,142.2,153345.1922726112,10474
2021-09-06T00:00:00.000Z,142.15,166.0,137.25,164.5,316390.1090837283,19784
2021-09-07T00:00:00.000Z,164.37,195.11,126.0,173.31,1254161.1575936598,94416
2021-09-08T00:00:00.000Z,173.31,197.87,146.52,190.98,920897.4855409332,61128
2021-09-09T00:00:00.000Z,190.85,216.0,181.0,187.6,799965.1268848145,57413
2021-09-10T00:00:00.000Z,187.59,197.25,168.09,179.58,601497.417951856,42412
2021-09-11T00:00:00.000Z,179.65,193.26,175.37,179.06,291684.8761929358,22452
2021-09-12T00:00:00.000Z,179.0,181.67,170.23,174.45,208676.2061042436,12541
2021-09-13T00:00:00.000Z,174.45,175.09,150.0,169.8,440048.5569067805,30371
2021-09-14T00:00:00.000Z,168.61,171.78,142.39,158.75,490594.479496579,30745
2021-09-15T00:00:00.000Z,158.78,166.29,153.94,158.83,353773.1544794583,22543
2021-09-16T00:00:00.000Z,158.86,163.15,147.26,152.28,210486.9684393312,15330
2021-09-17T00:00:00.000Z,152.37,153.25,133.33,147.44,435144.4764111635,33808
2021-09-18T00:00:00.000Z,147.64,171.44,144.26,169.45,198756.2126938547,15273
2021-09-19T00:00:00.000Z,169.35,170.95,150.66,152.62,147969.9020369796,11061
2021-09-20T00:00:00.000Z,152.89,153.72,130.19,132.83,394854.7675918636,29224
2021-09-21T00:00:00.000Z,132.8,144.52,115.87,124.01,462844.6910003475,26431
2021-09-22T00:00:00.000Z,124.28,151.95,122.04,148.2,337783.7401471554,23829
2021-09-23T00:00:00.000Z,148.13,152.35,143.23,149.77,179404.9304760685,14230
2021-09-24T00:00:00.000Z,149.92,151.3,126.6,139.24,254005.2957662376,19338
2021-09-25T00:00:00.000Z,139.19,144.0,133.71,136.07,122860.4486029303,8251
2021-09-26T00:00:00.000Z,135.81,140.67,125.0,135.71,177607.42934785,11195
2021-09-27T00:00:00.000Z,135.36,148.83,133.88,136.3,209945.4793286902,14631
2021-09-28T00:00:00.000Z,136.24,139.32,128.22,132.21,164573.5677416099,9392
2021-09-29T00:00:00.000Z,132.19,139.95,131.29,135.25,122735.5087270395,8938
2021-09-30T00:00:00.000Z,135.24,142.85,134.15,141.3,116648.6999858495,9085
2021-10-01T00:00:00.000Z,141.31,165.0,138.32,161.87,322541.1713000265,19514
2021-10-02T00:00:00.000Z,161.6,175.37,156.35,169.0,160603.1255559399,14110
2021-10-03T00:00:00.000Z,168.99,177.69,165.67,172.92,128501.5392961579,12524
2021-10-04T00:00:00.000Z,172.84,172.94,162.0,167.18,129669.9763158081,11723
2021-10-05T00:00:00.000Z,167.19,170.0,160.14,164.69,129902.6273132186,9081
2021-10-06T00:00:00.000Z,164.75,165.39,150.45,154.09,188699.9924363918,14830
2021-10-07T00:00:00.000Z,153.9,161.44,150.57,154.34,106171.2596194595,10337
2021-10-08T00:00:00.000Z,154.55,168.81,152.6,158.75,117734.1373834992,11224
2021-10-09T00:00:00.000Z,158.75,161.38,154.41,156.84,54741.7523989298,6004
2021-10-10T00:00:00.000Z,156.87,158.37,146.04,147.76,62884.8091117399,7140
2021-10-11T00:00:00.000Z,147.54,153.87,140.5,144.94,106788.0651871194,8080
2021-10-12T00:00:00.000Z,144.87,153.28,137.82,152.44,132484.3400375191,12210
2021-10-13T00:00:00.000Z,152.2,155.5,144.49,148.15,95597.6667958999,7261
2021-10-14T00:00:00.000Z,148.17,155.65,147.44,149.81,84377.2160424397,6339
2021-10-15T00:00:00.000Z,149.84,165.17,146.87,163.23,149331.971883729,14141
2021-10-16T00:00:00.000Z,163.18,164.72,153.6,157.45,71019.3668718099,5717
2021-10-17T00:00:00.000Z,157.46,167.47,153.0,159.64,110222.4403763096,9271
2021-10-18T00:00:00.000Z,159.97,162.84,155.05,157.28,73363.7619568691,6745
2021-10-19T00:00:00.000Z,157.2,159.42,153.14,156.0,80853.9588856201,6413
2021-10-20T00:00:00.000Z,156.0,176.72,155.29,176.67,196436.3095382304,15130
2021-10-21T00:00:00.000Z,176.72,194.15,167.5,190.4,424830.0430491828,34044
2021-10-22T00:00:00.000Z,190.91,215.0,188.14,196.15,349699.2005991436,31244
2021-10-23T00:00:00.000Z,196.29,205.48,192.21,197.73,125769.037135129,11243
2021-10-24T00:00:00.000Z,197.8,204.9,185.38,202.3,109906.3927791585,12504
2021-10-25T00:00:00.000Z,202.27,218.82,198.31,210.26,174831.1111245916,15903
2021-10-26T00:00:00.000Z,209.72,214.0,196.53,199.73,161254.6666890914,12080
2021-10-27T00:00:00.000Z,199.72,205.56,179.0,184.43,241524.1779555258,23932
2021-10-28T00:00:00.000Z,184.87,201.49,181.91,195.07,141639.3323711888,14126
2021-10-29T00:00:00.000Z,195.58,205.04,194.76,200.21,93325.5312460194,9920
2021-10-30T00:00:00.000Z,200.42,200.54,187.5,195.69,79652.0448167297,9489
2021-10-31T00:00:00.000Z,195.77,205.14,185.73,202.83,104498.1465217283,13338
2021-11-01T00:00:00.000Z,202.72,211.63,198.0,203.59,124215.2890161382,13290
2021-11-02T00:00:00.000Z,204.0,222.68,201.02,221.22,171156.1321660012,13969
2021-11-03T00:00:00.000Z,220.93,246.46,216.18,243.17,272657.3397792588,26807
2021-11-04T00:00:00.000Z,243.51,250.34,234.07,247.28,168872.052006091,18869
2021-11-05T00:00:00.000Z,247.26,248.38,230.91,236.38,116531.685914849,10951
2021-11-06T00:00:00.000Z,236.22,259.99,235.01,258.67,142795.4393313696,14949
2021-11-07T00:00:00.000Z,258.69,258.69,245.96,249.66,79684.7981523694,8884
2021-11-08T00:00:00.000Z,249.99,253.17,240.27,248.54,175847.1966787914,14128
2021-11-09T00:00:00.000Z,248.4,252.89,237.0,239.03,144682.4647368093,11355
2021-11-10T00:00:00.000Z,239.05,248.09,218.0,233.5,195600.6093065339,19115
2021-11-11T00:00:00.000Z,233.28,246.4,229.82,233.74,76589.2334034291,8362
2021-11-12T00:00:00.000Z,233.68,238.96,220.07,228.78,169564.3799764818,14370
2021-11-13T00:00:00.000Z,229.47,241.81,225.0,241.64,120979.2939137098,8261
2021-11-14T00:00:00.000Z,241.64,241.74,230.53,238.59,43446.5481565596,4650
2021-11-15T00:00:00.000Z,238.6,246.11,234.69,237.86,101211.3495780792,8495
2021-11-16T00:00:00.000Z,236.88,236.97,214.83,219.2,204439.2212120808,17577
2021-11-17T00:00:00.000Z,219.2,222.47,210.02,219.07,160523.8653095391,13141
2021-11-18T00:00:00.000Z,219.02,222.5,187.0,195.51,259698.0330349279,21758
2021-11-19T00:00:00.000Z,195.28,219.7,189.28,215.32,126179.3371754484,13696
2021-11-20T00:00:00.000Z,215.42,221.49,206.25,218.02,81818.0142192692,6848
2021-11-21T00:00:00.000Z,218.13,235.4,210.75,230.44,94808.4433678087,10224
2021-11-22T00:00:00.000Z,230.63,231.97,211.74,215.77,88326.2871342284,12209
2021-11-23T00:00:00.000Z,215.74,226.35,211.2,221.92,84953.8696269492,8001
2021-11-24T00:00:00.000Z,221.96,222.52,200.28,206.0,135005.355894499,13262
2021-11-25T00:00:00.000Z,205.74,216.67,200.08,209.8,80743.4126198194,9496
2021-11-26T00:00:00.000Z,210.22,210.43,183.0,191.92,262257.136298574,19807
2021-11-27T00:00:00.000Z,192.54,199.48,190.95,193.01,45671.99876562,5762
2021-11-28T00:00:00.000Z,192.88,202.12,181.01,200.66,96503.4484516488,9185
2021-11-29T00:00:00.000Z,200.85,213.04,200.04,204.16,121935.5643150893,9180
2021-11-30T00:00:00.000Z,204.25,222.5,199.8,208.79,125734.2792980282,12543
2021-12-01T00:00:00.000Z,208.72,232.74,208.17,229.99,160773.7068734033,15463
2021-12-02T00:00:00.000Z,229.97,243.2,220.48,233.93,160015.7560095618,19153
2021-12-03T00:00:00.000Z,233.78,239.47,205.5,211.6,231823.0967751407,22847
2021-12-04T00:00:00.000Z,211.81,212.7,170.08,201.12,354373.863993325,45689
2021-12-05T00:00:00.000Z,200.93,204.44,181.91,196.62,152515.1080581798,19043
2021-12-06T00:00:00.000Z,196.8,197.77,176.57,194.17,221186.1585684202,20991
2021-12-07T00:00:00.000Z,193.68,204.22,188.04,190.44,182895.3924607399,14022
2021-12-08T00:00:00.000Z,190.37,196.22,183.6,194.5,174185.1860520506,12040
2021-12-09T00:00:00.000Z,194.5,196.63,178.89,181.29,149272.43704415,9899
2021-12-10T00:00:00.000Z,181.91,184.48,167.31,167.31,143696.7355689809,12314
2021-12-11T00:00:00.000Z,167.55,173.76,161.66,171.9,159417.0867229301,12494
2021-12-12T00:00:00.000Z,172.1,177.31,167.8,173.27,77958.4471190599,5563
2021-12-13T00:00:00.000Z,173.05,173.05,148.01,155.07,282665.5049937092,16919
2021-12-14T00:00:00.000Z,155.14,163.1,149.65,161.32,161167.2100678804,10888
2021-12-15T00:00:00.000Z,161.0,182.53,156.81,178.39,248984.5236180199,22092
2021-12-16T00:00:00.000Z,178.67,188.94,174.58,176.92,179356.1907613716,13761
2021-12-17T00:00:00.000Z,177.0,182.41,168.28,175.79,154004.6824540001,14203
2021-12-18T00:00:00.000Z,175.61,184.17,171.13,182.62,123113.8130555299,8437
2021-12-19T00:00:00.000Z,182.84,189.34,178.37,180.18,84848.4463335702,8339
2021-12-20T00:00:00.000Z,180.0,181.05,168.66,173.93,119188.5046576504,9439
2021-12-21T00:00:00.000Z,174.05,182.37,170.26,179.79,173354.6756939405,10355
2021-12-22T00:00:00.000Z,179.76,187.83,176.89,177.58,133108.6978410102,9629
2021-12-23T00:00:00.000Z,178.4,193.4,175.0,190.17,130319.5646300707,11800
2021-12-24T00:00:00.000Z,190.2,197.49,184.27,190.35,104120.0110644698,11950
2021-12-25T00:00:00.000Z,190.62,195.0,189.51,193.04,51764.2168580499,5188
2021-12-26T00:00:00.000Z,193.1,200.44,190.52,197.97,83526.2150921301,8073
2021-12-27T00:00:00.000Z,197.98,204.75,195.09,195.67,97396.2210506098,8273
2021-12-28T00:00:00.000Z,195.77,195.77,176.49,177.27,167727.8888884698,15501
2021-12-29T00:00:00.000Z,177.29,180.54,170.17,170.54,103048.1303462499,9434
2021-12-30T00:00:00.000Z,170.58,175.66,168.3,172.5,86531.8647096501,6019
2021-12-31T00:00:00.000Z,172.5,177.59,167.62,169.88,72267.3601660401,6714
2022-01-01T00:00:00.000Z,169.93,179.0,169.93,179.0,57306.84259564,4742
2022-01-02T00:00:00.000Z,179.0,179.29,174.55,176.4,59878.67498288,4493
2022-01-03T00:00:00.000Z,176.33,176.45,166.79,170.06,74483.5181653699,6158
2022-01-04T00:00:00.000Z,170.17,173.73,166.66,167.8,94627.5990094599,6408
2022-01-05T00:00:00.000Z,167.74,171.19,145.0,154.38,156340.59376261,11360
2022-01-06T00:00:00.000Z,154.49,154.82,146.29,150.26,158697.2997083795,9784
2022-01-07T00:00:00.000Z,150.24,150.6,133.25,136.33,215948.5549675903,14805
2022-01-08T00:00:00.000Z,136.41,147.97,133.1,142.1,146052.1340547803,11295
2022-01-09T00:00:00.000Z,142.18,145.92,137.74,140.85,86386.3652915401,6665
2022-01-10T00:00:00.000Z,140.85,143.62,130.0,135.99,125158.7671163104,9939
2022-01-11T00:00:00.000Z,135.91,143.53,133.73,140.18,85559.0341310001,7108
2022-01-12T00:00:00.000Z,140.25,153.2,138.26,151.56,143682.3244028802,9431
2022-01-13T00:00:00.000Z,151.56,157.7,145.64,145.96,132710.5770250797,10172
2022-01-14T00:00:00.000Z,146.17,150.5,142.0,146.22,90220.24077823,7586
2022-01-15T00:00:00.000Z,146.24,149.47,144.18,147.7,57740.12501416,4508
2022-01-16T00:00:00.000Z,147.72,151.89,146.23,147.89,65769.0151208699,5043
2022-01-17T00:00:00.000Z,148.08,148.28,137.25,139.89,101836.8862037001,6746
2022-01-18T00:00:00.000Z,139.9,142.72,134.35,141.4,75893.2300977899,6112
2022-01-19T00:00:00.000Z,141.39,142.8,132.95,135.35,99392.1275541102,6981
2022-01-20T00:00:00.000Z,135.6,143.9,126.12,127.51,163272.6717152802,9841
2022-01-21T00:00:00.000Z,127.51,128.64,106.04,112.38,379890.8960539879,28085
2022-01-22T00:00:00.000Z,112.45,115.35,88.04,94.63,480767.7138806125,25257
2022-01-23T00:00:00.000Z,94.6,104.68,93.34,99.82,266198.2705783491,14186
2022-01-24T00:00:00.000Z,99.83,99.89,80.85,91.88,567264.8064340407,24534
2022-01-25T00:00:00.000Z,91.94,100.0,87.54,94.7,195566.8197620896,10907
2022-01-26T00:00:00.000Z,94.8,104.35,89.33,92.07,347786.0463654609,19016
2022-01-27T00:00:00.000Z,92.17,94.55,85.66,89.55,220498.7304089898,12247
2022-01-28T00:00:00.000Z,89.57,93.55,87.36,91.4,188306.6390146985,10696
2022-01-29T00:00:00.000Z,91.4,98.86,90.59,96.15,152920.4138521002,10414
2022-01-30T00:00:00.000Z,96.15,97.55,91.46,93.35,78035.9807415397,5857
2022-01-31T00:00:00.000Z,93.33,101.52,89.34,99.7,203583.2192784093,10152
2022-02-01T00:00:00.000Z,99.6,114.46,99.16,110.07,477817.547757276,22274
2022-02-02T00:00:00.000Z,110.1,112.35,96.89,101.95,354073.907207889,22479
2022-02-03T00:00:00.000Z,101.98,103.18,94.12,101.9,238927.2277296778,16434
2022-02-04T00:00:00.000Z,101.94,112.81,100.45,112.49,273207.7328921296,16481
2022-02-05T00:00:00.000Z,112.73,118.71,110.38,114.01,145488.6901921707,12073
2022-02-06T00:00:00.000Z,113.83,116.11,111.56,115.39,102212.3724486299,7533
2022-02-07T00:00:00.000Z,115.37,121.87,112.93,117.57,251009.9349343101,14391
2022-02-08T00:00:00.000Z,117.68,120.22,110.0,113.44,149148.1689513403,12714
2022-02-09T00:00:00.000Z,113.61,117.07,109.52,114.1,126185.4040610197,10387
2022-02-10T00:00:00.000Z,114.11,114.9,105.68,106.27,165036.3776168913,15108
2022-02-11T00:00:00.000Z,106.27,108.22,95.26,96.41,224146.6255201804,16005
2022-02-12T00:00:00.000Z,96.5,99.86,92.98,96.03,114101.4093037298,11181
2022-02-13T00:00:00.000Z,96.03,97.3,91.5,92.84,82992.7847530204,6708
2022-02-14T00:00:00.000Z,92.92,97.93,90.9,96.42,101774.1610426497,9839
2022-02-15T00:00:00.000Z,96.46,105.78,96.46,105.53,152273.7265590706,11319
2022-02-16T00:00:00.000Z,105.66,105.66,98.22,101.9,130870.1594573496,9904
2022-02-17T00:00:00.000Z,101.94,102.8,92.5,93.64,114283.77652459,10095
2022-02-18T00:00:00.000Z,93.64,96.41,89.27,89.98,108274.7287417307,10396
2022-02-19T00:00:00.000Z,89.97,92.68,88.61,91.24,80337.9803932402,6725
2022-02-20T00:00:00.000Z,91.28,93.96,85.72,90.63,109975.1171875303,12239
2022-02-21T00:00:00.000Z,90.76,96.19,82.81,83.0,198221.1056018091,16501
2022-02-22T00:00:00.000Z,83.01,87.51,81.18,86.43,156231.316044519,11766
2022-02-23T00:00:00.000Z,86.55,93.39,84.47,84.58,161663.664281139,13808
2022-02-24T00:00:00.000Z,84.61,93.87,75.36,89.42,435376.9242738301,30335
2022-02-25T00:00:00.000Z,89.43,95.0,86.82,92.84,170410.9173170507,16806
2022-02-26T00:00:00.000Z,92.78,95.14,89.35,90.27,74367.9442123799,8542
2022-02-27T00:00:00.000Z,90.29,92.15,84.22,85.58,114431.9196064391,11364
2022-02-28T00:00:00.000Z,85.65,102.57,84.31,99.74,257594.4944318207,20171
2022-03-01T00:00:00.000Z,99.7,102.0,94.35,98.67,399407.1666551039,38344
2022-03-02T00:00:00.000Z,98.69,106.5,96.8,100.77,474895.4579968597,39620
2022-03-03T00:00:00.000Z,100.78,101.73,94.04,95.61,406802.4155965464,27395
2022-03-04T00:00:00.000Z,95.64,95.89,87.01,88.32,622087.3543125152,39750
2022-03-05T00:00:00.000Z,88.32,91.22,86.0,89.68,398387.251953852,28024
2022-03-06T00:00:00.000Z,89.54,89.94,84.12,84.55,489500.9066640785,31982
2022-03-07T00:00:00.000Z,84.55,86.72,79.97,81.67,627075.3152780917,40467
2022-03-08T00:00:00.000Z,81.66,85.07,81.32,82.31,394415.3687268764,27926
2022-03-09T00:00:00.000Z,82.33,89.92,81.93,88.08,406190.4000083372,29773
2022-03-10T00:00:00.000Z,88.07,88.63,80.75,82.91,459912.1477477885,35225
2022-03-11T00:00:00.000Z,82.88,84.34,80.08,80.67,508497.0859878783,31414
2022-03-12T00:00:00.000Z,80.71,82.76,80.61,81.42,211276.5264944603,17557
2022-03-13T00:00:00.000Z,81.43,83.36,77.71,78.76,225722.8029181707,17751
2022-03-14T00:00:00.000Z,78.75,82.27,78.03,81.23,318540.2243033004,22698
2022-03-15T00:00:00.000Z,81.23,86.06,78.8,82.86,323323.6793565316,22182
2022-03-16T00:00:00.000Z,82.88,88.08,81.55,87.83,427989.6662807055,29478
2022-03-17T00:00:00.000Z,87.81,91.05,86.58,87.92,439164.8365275002,31421
2022-03-18T00:00:00.000Z,87.91,92.35,84.48,89.89,385623.2993317303,27888
2022-03-19T00:00:00.000Z,89.89,94.62,89.31,92.37,297041.7546726994,23568
2022-03-20T00:00:00.000Z,92.38,92.53,87.91,88.61,208246.8793859105,17446
2022-03-21T00:00:00.000Z,88.66,91.3,86.82,88.65,269324.0998109792,18504
2022-03-22T00:00:00.000Z,88.58,94.04,88.01,90.48,335458.4060111707,24186
2022-03-23T00:00:00.000Z,90.49,96.34,89.2,94.92,405537.6761449741,25227
2022-03-24T00:00:00.000Z,94.93,103.78,93.47,102.41,665850.4414909763,43451
2022-03-25T00:00:00.000Z,102.41,104.88,97.12,98.68,532204.5600126307,35681
2022-03-26T00:00:00.000Z,98.65,103.45,97.66,101.79,263312.7995451586,20277
2022-03-27T00:00:00.000Z,101.81,107.49,98.81,107.11,281404.5221053603,22803
2022-03-28T00:00:00.000Z,107.09,113.89,105.24,105.85,604514.6271174791,48274
2022-03-29T00:00:00.000Z,105.8,115.69,105.53,111.62,601323.5561318108,47422
2022-03-30T00:00:00.000Z,111.62,125.31,107.17,120.83,746907.3395600314,59439
2022-03-31T00:00:00.000Z,120.65,129.58,119.95,122.85,748265.5853770794,62784
2022-04-01T00:00:00.000Z,122.85,138.6,117.5,134.6,621582.2272612851,48766
2022-04-02T00:00:00.000Z,134.07,143.5,131.56,132.44,240909.6973738282,25806
2022-04-03T00:00:00.000Z,132.53,141.0,130.72,136.79,213294.5471509586,19507
2022-04-04T00:00:00.000Z,136.98,138.24,125.71,132.33,245106.0862732699,19359
2022-04-05T00:00:00.000Z,132.14,136.61,126.16,126.82,192551.1895743779,17748
2022-04-06T00:00:00.000Z,126.72,127.41,112.13,113.02,365186.2286874027,32614
2022-04-07T00:00:00.000Z,112.93,119.97,111.1,118.54,188825.1576380693,19201
2022-04-08T00:00:00.000Z,118.49,122.48,108.18,109.84,214480.3085487679,19543
2022-04-09T00:00:00.000Z,109.96,113.69,108.4,112.9,83754.26154649,9035
2022-04-10T00:00:00.000Z,113.02,115.96,109.82,111.04,113837.2683349,10119
2022-04-11T00:00:00.000Z,110.96,111.96,98.21,99.52,281488.49926624,22535
2022-04-12T00:00:00.000Z,99.77,109.33,98.41,103.16,314236.9438514616,20239
2022-04-13T00:00:00.000Z,103.25,106.03,100.08,104.97,112206.5725599699,12751
2022-04-14T00:00:00.000Z,104.96,107.71,98.86,100.79,190655.281431759,13665
2022-04-15T00:00:00.000Z,100.72,102.82,99.6,101.36,102627.8063509398,8536
2022-04-16T00:00:00.000Z,101.37,103.5,100.71,102.15,90202.3339479496,6585
2022-04-17T00:00:00.000Z,102.05,105.43,99.71,100.19,109995.6629573299,9607
2022-04-18T00:00:00.000Z,100.19,102.67,93.92,102.32,203625.4885886899,16832
2022-04-19T00:00:00.000Z,102.39,108.81,101.09,108.57,194290.6009096096,13717
2022-04-20T00:00:00.000Z,108.53,110.86,104.3,105.6,198459.7649968297,14615
2022-04-21T00:00:00.000Z,105.6,110.2,99.89,101.77,170556.9276316996,14926
2022-04-22T00:00:00.000Z,101.77,103.59,99.24,100.57,111780.3645011105,11061
2022-04-23T00:00:00.000Z,100.52,102.86,98.35,100.63,83428.1257823098,7607
2022-04-24T00:00:00.000Z,100.64,102.27,98.65,99.2,71511.7120017099,7347
2022-04-25T00:00:00.000Z,99.24,101.56,94.48,100.96,151439.3463579399,13974
2022-04-26T00:00:00.000Z,100.99,101.97,94.65,95.68,134311.0184893194,11379
2022-04-27T00:00:00.000Z,95.73,100.67,94.89,98.34,135545.9686570798,10679
2022-04-28T00:00:00.000Z,98.32,100.52,96.5,98.26,131178.51851763,10724
2022-04-29T00:00:00.000Z,98.26,98.6,92.27,93.91,186869.9611756097,10885
2022-04-30T00:00:00.000Z,93.96,94.97,82.0,84.79,131723.0722645194,10461
2022-05-01T00:00:00.000Z,84.53,93.11,83.87,89.62,145144.4477219691,13718
2022-05-02T00:00:00.000Z,89.66,90.76,85.09,87.52,100549.0079769597,9789
2022-05-03T00:00:00.000Z,87.48,88.82,84.43,85.81,95373.2786503197,5690
2022-05-04T00:00:00.000Z,85.92,93.01,85.53,92.7,147317.0944580997,9792
2022-05-05T00:00:00.000Z,92.86,95.2,81.4,84.5,211341.3226309602,14702
2022-05-06T00:00:00.000Z,84.49,84.76,80.0,81.66,155603.8147361894,11103
2022-05-07T00:00:00.000Z,81.64,82.25,77.01,78.76,151834.3142870693,8666
2022-05-08T00:00:00.000Z,79.01,79.29,73.73,75.48,149215.2126320395,8633
2022-05-09T00:00:00.000Z,75.4,77.18,61.38,62.18,471963.8120252956,23613
2022-05-10T00:00:00.000Z,62.14,73.98,60.16,66.67,394467.6556889698,21111
2022-05-11T00:00:00.000Z,66.8,68.42,43.06,50.79,1129052.3933191895,46577
2022-05-12T00:00:00.000Z,50.78,54.19,33.0,44.48,1171332.9260154802,42578
2022-05-13T00:00:00.000Z,44.48,56.41,43.79,48.91,642401.5004020273,27381
2022-05-14T00:00:00.000Z,48.95,53.79,45.9,52.25,294481.9586437413,14714
2022-05-15T00:00:00.000Z,52.13,59.2,49.55,58.64,286675.0518068504,10699
2022-05-16T00:00:00.000Z,58.65,58.65,51.79,53.62,390766.0821561894,12836
2022-05-17T00:00:00.000Z,53.81,58.22,52.93,57.0,273947.456819759,11091
2022-05-18T00:00:00.000Z,56.99,57.79,49.36,49.83,483282.3744740316,14004
2022-05-19T00:00:00.000Z,49.86,53.99,48.01,52.15,504678.4210712613,16171
2022-05-20T00:00:00.000Z,52.06,53.63,47.77,49.37,355368.0185397836,12078
2022-05-21T00:00:00.000Z,49.41,51.12,48.42,50.24,143290.11639819,5641
2022-05-22T00:00:00.000Z,50.24,53.15,49.63,52.5,198144.1320366103,6631
2022-05-23T00:00:00.000Z,52.4,54.65,48.58,49.07,300335.372816131,10677
2022-05-24T00:00:00.000Z,49.13,50.77,47.0,49.64,419714.0575473513,10683
2022-05-25T00:00:00.000Z,49.58,50.45,47.5,47.88,312945.4466161798,8770
2022-05-26T00:00:00.000Z,47.87,48.6,41.7,43.33,471096.3136414223,13374
2022-05-27T00:00:00.000Z,43.42,43.86,39.95,41.0,380579.8858782898,14487
2022-05-28T00:00:00.000Z,41.12,45.13,40.3,44.23,219977.7775773193,7906
2022-05-29T00:00:00.000Z,44.2,45.57,41.79,44.95,187896.5136421805,7390
2022-05-30T00:00:00.000Z,44.95,48.3,44.21,47.19,275054.4068509607,9714
2022-05-31T00:00:00.000Z,47.18,48.17,44.52,45.61,236202.2050376392,8518
2022-06-01T00:00:00.000Z,45.74,46.06,39.51,40.1,386213.1617732305,11134
2022-06-02T00:00:00.000Z,40.1,41.66,38.12,40.84,248998.2364218704,10195
2022-06-03T00:00:00.000Z,40.84,41.5,37.61,38.26,293020.4050165965,7769
2022-06-04T00:00:00.000Z,38.26,39.61,35.71,38.96,213166.947448271,6752
2022-06-05T00:00:00.000Z,39.06,40.15,37.87,38.46,214248.0430858704,6797
2022-06-06T00:00:00.000Z,38.45,44.79,38.28,42.39,405853.1302859419,13080
2022-06-07T00:00:00.000Z,42.36,42.62,37.2,39.28,488444.9377810791,15129
2022-06-08T00:00:00.000Z,39.28,40.87,38.24,38.8,272868.6469966194,8711
2022-06-09T00:00:00.000Z,38.79,41.91,38.4,39.96,296132.003107381,8827
2022-06-10T00:00:00.000Z,39.92,40.85,36.75,37.1,378393.3837764379,9740
2022-06-11T00:00:00.000Z,37.1,37.88,33.12,33.85,304434.8326179397,8609
2022-06-12T00:00:00.000Z,33.91,34.42,30.55,30.59,337352.4145778193,10613
2022-06-13T00:00:00.000Z,30.56,31.04,26.05,28.56,748029.6941654158,24199
2022-06-14T00:00:00.000Z,28.55,32.17,25.87,29.51,521814.0371062098,19952
2022-06-15T00:00:00.000Z,29.53,34.78,26.76,34.67,561638.6242078497,17776
2022-06-16T00:00:00.000Z,34.71,36.03,29.51,30.07,596727.3021188943,15840
2022-06-17T00:00:00.000Z,30.05,32.09,29.21,30.64,356331.78056214,8690
2022-06-18T00:00:00.000Z,30.59,31.96,27.13,31.91,757002.7391074463,18324
2022-06-19T00:00:00.000Z,31.96,35.32,28.71,34.15,990427.7719801384,17543
2022-06-20T00:00:00.000Z,34.17,36.81,31.75,35.2,395231.408079689,13435
2022-06-21T00:00:00.000Z,35.25,39.12,34.21,36.4,372118.4657439618,14431
2022-06-22T00:00:00.000Z,36.39,36.88,33.57,34.07,639331.4446619002,13771
2022-06-23T00:00:00.000Z,34.06,38.57,33.89,38.1,353476.0627555304,11038
2022-06-24T00:00:00.000Z,38.11,42.85,37.61,41.86,360277.3010175002,13020
2022-06-25T00:00:00.000Z,41.86,42.59,39.73,42.21,233993.6251385295,8776
2022-06-26T00:00:00.000Z,42.21,42.44,39.13,39.38,212013.7146545596,8530
2022-06-27T00:00:00.000Z,39.36,41.2,37.78,38.42,199987.0783055805,7201
2022-06-28T00:00:00.000Z,38.48,39.84,35.04,35.29,376491.516863453,9995
2022-06-29T00:00:00.000Z,35.22,36.01,33.07,34.07,325295.1762704297,9731
2022-06-30T00:00:00.000Z,34.03,34.15,30.85,33.71,474755.9075809589,10929
2022-07-01T00:00:00.000Z,33.73,35.42,31.81,32.71,382125.7318240168,10181
2022-07-02T00:00:00.000Z,32.82,34.06,31.83,33.32,181543.9513286908,5296
2022-07-03T00:00:00.000Z,33.33,33.64,32.12,33.34,145991.7736263495,4317
2022-07-04T00:00:00.000Z,33.32,36.86,32.42,36.66,309066.4919205314,7763
2022-07-05T00:00:00.000Z,36.67,36.91,33.11,35.38,334054.9729458095,8967
2022-07-06T00:00:00.000Z,35.37,37.35,34.8,36.98,329166.9643787594,8600
2022-07-07T00:00:00.000Z,36.99,39.22,36.39,38.51,271253.1575745193,7751
2022-07-08T00:00:00.000Z,38.44,39.63,36.46,38.12,314845.3434539985,10159
2022-07-09T00:00:00.000Z,38.19,38.89,37.78,38.06,168882.7712603199,4232
2022-07-10T00:00:00.000Z,38.06,38.1,36.21,36.66,124609.0346311099,4398
2022-07-11T00:00:00.000Z,36.68,36.68,33.14,33.41,254619.6060945497,6804
2022-07-12T00:00:00.000Z,33.37,34.57,32.58,32.62,309921.9408031208,6583
2022-07-13T00:00:00.000Z,32.64,35.01,31.81,34.93,277242.5775044215,9665
2022-07-14T00:00:00.000Z,34.93,37.27,33.59,37.11,272681.26305388,9103
2022-07-15T00:00:00.000Z,37.14,39.04,36.55,37.38,229564.6568612024,9982
2022-07-16T00:00:00.000Z,37.43,40.42,36.38,39.55,226705.9788508014,8511
2022-07-17T00:00:00.000Z,39.58,41.02,38.29,38.56,216041.5164255908,8827
2022-07-18T00:00:00.000Z,38.62,44.05,38.58,43.53,349968.9073620198,13267
2022-07-19T00:00:00.000Z,43.54,47.32,42.57,44.93,393178.9413606095,18674
2022-07-20T00:00:00.000Z,44.92,46.36,41.3,42.04,302973.8742740918,13536
2022-07-21T00:00:00.000Z,42.04,44.0,39.58,43.08,276531.6225852322,13201
2022-07-22T00:00:00.000Z,43.1,44.33,40.07,40.5,174577.1165160702,8607
2022-07-23T00:00:00.000Z,40.55,41.88,38.57,39.98,202090.2147023607,7806
2022-07-24T00:00:00.000Z,39.97,42.1,39.52,40.96,166635.8967263895,7128
2022-07-25T00:00:00.000Z,40.94,41.06,36.6,36.61,358546.8930421592,11489
2022-07-26T00:00:00.000Z,36.65,36.8,34.7,36.31,264434.7438541788,8992
2022-07-27T00:00:00.000Z,36.27,40.53,35.71,40.28,352917.2390784331,11039
2022-07-28T00:00:00.000Z,40.25,44.18,39.01,43.01,269860.1891794993,13370
2022-07-29T00:00:00.000Z,42.97,44.37,41.2,41.97,220229.8000778712,10860
2022-07-30T00:00:00.000Z,41.95,46.62,41.47,43.83,365755.8348237479,12341
2022-07-31T00:00:00.000Z,43.81,45.19,42.25,42.33,195669.7345099714,9610
2022-08-01T00:00:00.000Z,42.32,43.21,40.59,41.66,228042.4945699706,9800
2022-08-02T00:00:00.000Z,41.65,42.44,39.56,39.79,185358.881688662,10662
2022-08-03T00:00:00.000Z,39.76,41.16,37.5,38.55,687095.5410457926,22796
2022-08-04T00:00:00.000Z,38.55,39.71,38.0,38.81,260962.01262089,8996
2022-08-05T00:00:00.000Z,38.84,41.37,38.72,40.57,308946.2679133698,8422
2022-08-06T00:00:00.000Z,40.56,40.9,39.85,40.02,83252.0001315703,3379
2022-08-07T00:00:00.000Z,39.98,41.54,39.21,40.59,137815.3700205701,4332
2022-08-08T00:00:00.000Z,40.59,43.7,40.58,42.25,252020.9812188724,7765
2022-08-09T00:00:00.000Z,42.19,42.73,39.76,40.37,293742.9433274401,6993
2022-08-10T00:00:00.000Z,40.31,42.93,39.15,42.49,260552.3956077693,9490
2022-08-11T00:00:00.000Z,42.49,45.3,42.41,42.8,317721.2762390499,11478
2022-08-12T00:00:00.000Z,42.81,45.6,42.14,45.51,226185.6748958199,7662
2022-08-13T00:00:00.000Z,45.55,48.38,45.33,46.56,309280.7904314902,10684
2022-08-14T00:00:00.000Z,46.58,48.04,44.45,44.86,194352.80270118,8082
2022-08-15T00:00:00.000Z,44.87,47.22,42.8,43.76,299442.0131504287,10492
2022-08-16T00:00:00.000Z,43.7,44.28,42.56,43.12,239530.6960554422,7554
2022-08-17T00:00:00.000Z,43.07,44.71,40.2,40.5,339476.2796695897,9843
2022-08-18T00:00:00.000Z,40.5,41.63,39.32,39.53,151772.0997520103,5705
2022-08-19T00:00:00.000Z,39.53,39.55,35.1,35.84,456442.8558023341,14540
2022-08-20T00:00:00.000Z,35.83,37.24,34.23,35.28,136691.3681912899,6028
2022-08-21T00:00:00.000Z,35.31,37.02,34.5,36.46,142049.4308454602,5342
2022-08-22T00:00:00.000Z,36.51,36.53,33.74,35.45,199145.51684799,7006
2022-08-23T00:00:00.000Z,35.44,36.09,34.21,35.65,147415.50510123,4872
2022-08-24T00:00:00.000Z,35.69,38.03,34.32,34.89,229382.7998624657,7618
2022-08-25T00:00:00.000Z,34.91,36.47,34.91,35.3,147046.2779175291,4615
2022-08-26T00:00:00.000Z,35.25,35.83,31.39,31.74,285573.9328639064,10186
2022-08-27T00:00:00.000Z,31.72,32.22,30.9,31.52,139004.4496518798,4606
2022-08-28T00:00:00.000Z,31.51,32.22,30.2,30.42,110016.9306774698,4262
2022-08-29T00:00:00.000Z,30.41,32.63,30.03,32.44,199469.9704813081,6057
2022-08-30T00:00:00.000Z,32.42,33.14,30.64,31.45,174958.2367992685,6064
2022-08-31T00:00:00.000Z,31.51,32.96,31.16,31.49,194013.1797456001,5486
2022-09-01T00:00:00.000Z,31.48,31.77,30.44,31.6,120068.7422938006,4723
2022-09-02T00:00:00.000Z,31.56,32.41,30.79,31.19,123429.1266873405,3830
2022-09-03T00:00:00.000Z,31.22,31.25,30.83,31.13,31097.4244061198,1459
2022-09-04T00:00:00.000Z,31.12,32.2,31.05,32.14,46622.14079189,2012
2022-09-05T00:00:00.000Z,32.14,32.52,31.18,32.16,79196.19309835,2712
2022-09-06T00:00:00.000Z,32.22,33.86,30.44,30.9,301690.5677786619,8495
2022-09-07T00:00:00.000Z,30.84,32.96,30.32,32.68,143605.5001344102,4689
2022-09-08T00:00:00.000Z,32.69,34.9,32.03,33.61,436647.2162964787,7648
2022-09-09T00:00:00.000Z,33.63,36.1,33.6,34.7,220770.8121553604,6924
2022-09-10T00:00:00.000Z,34.67,35.42,34.29,35.08,98303.0627421001,3418
2022-09-11T00:00:00.000Z,35.06,36.01,34.06,35.03,125891.4644648998,4474
2022-09-12T00:00:00.000Z,35.0,38.47,34.46,37.46,276657.7246255619,9724
2022-09-13T00:00:00.000Z,37.36,38.93,32.97,33.0,373374.194695007,13221
2022-09-14T00:00:00.000Z,32.99,34.33,32.72,34.1,374496.2896214667,6796
2022-09-15T00:00:00.000Z,34.1,34.83,32.4,33.06,203056.4856265401,7004
2022-09-16T00:00:00.000Z,33.07,33.25,31.51,32.26,153633.2939117207,4744
2022-09-17T00:00:00.000Z,32.25,33.9,32.25,33.7,100717.0336680417,5311
2022-09-18T00:00:00.000Z,33.7,33.98,30.88,31.12,122106.7050093408,6952
2022-09-19T00:00:00.000Z,31.15,33.06,30.51,32.58,243492.5526166496,6270
2022-09-20T00:00:00.000Z,32.69,32.86,31.33,31.4,185973.0858883308,4844
2022-09-21T00:00:00.000Z,31.4,33.5,30.05,30.66,231419.4564738105,8368
2022-09-22T00:00:00.000Z,30.67,32.84,30.59,32.42,168532.8661210804,4390
2022-09-23T00:00:00.000Z,32.44,33.94,31.23,33.69,200593.5882897004,5865
2022-09-24T00:00:00.000Z,33.71,34.78,33.16,33.37,143759.0929900111,4835
2022-09-25T00:00:00.000Z,33.44,34.02,31.89,32.33,142136.5119024808,3565
2022-09-26T00:00:00.000Z,32.31,33.95,31.89,33.91,171896.0599873111,4957
2022-09-27T00:00:00.000Z,33.81,35.41,32.1,32.65,314325.4638951193,7040
2022-09-28T00:00:00.000Z,32.67,33.77,31.66,33.25,208356.5218326114,5514
2022-09-29T00:00:00.000Z,33.26,34.44,32.64,33.93,349698.7801370495,6450
2022-09-30T00:00:00.000Z,33.95,35.2,32.63,33.26,319587.2458959404,6966
2022-10-01T00:00:00.000Z,33.22,33.22,32.35,32.43,145918.7663258896,3318
2022-10-02T00:00:00.000Z,32.43,32.99,31.89,32.04,112833.4485845506,4025
2022-10-03T00:00:00.000Z,32.07,33.25,31.76,32.92,151795.3961034209,3733
2022-10-04T00:00:00.000Z,32.91,34.4,32.82,34.11,372483.4116235676,5689
2022-10-05T00:00:00.000Z,34.11,34.35,33.18,34.05,160858.0280100508,3619
2022-10-06T00:00:00.000Z,34.05,34.49,33.3,33.35,270860.5193472391,3707
2022-10-07T00:00:00.000Z,33.36,33.76,32.37,33.0,199161.1310366098,3787
2022-10-08T00:00:00.000Z,32.97,33.07,32.37,32.56,54538.3097759098,1576
2022-10-09T00:00:00.000Z,32.55,33.12,32.45,32.93,45321.9142166698,1518
2022-10-10T00:00:00.000Z,32.93,33.45,31.91,31.94,126030.9240319702,3231
2022-10-11T00:00:00.000Z,31.94,31.95,30.44,30.79,208797.9263715006,4834
2022-10-12T00:00:00.000Z,30.79,31.52,30.65,31.17,99311.6164891703,2455
2022-10-13T00:00:00.000Z,31.15,31.19,27.82,30.51,431818.5174580985,10526
2022-10-14T00:00:00.000Z,30.51,31.98,29.66,30.02,374304.3682751257,6311
2022-10-15T00:00:00.000Z,30.01,30.2,29.39,29.57,116389.2965662208,2431
2022-10-16T00:00:00.000Z,29.58,30.53,29.58,30.15,89360.5795325301,2009
2022-10-17T00:00:00.000Z,30.15,31.28,29.86,31.22,250250.1542751114,3883
2022-10-18T00:00:00.000Z,31.21,31.46,29.74,30.13,296906.9568529589,4600
2022-10-19T00:00:00.000Z,30.13,30.22,28.62,28.86,191648.5154008508,3727
2022-10-20T00:00:00.000Z,28.85,29.45,27.98,28.03,167396.0697288411,3885
2022-10-21T00:00:00.000Z,28.03,28.29,26.85,28.09,227156.6738565911,5588
2022-10-22T00:00:00.000Z,28.11,28.24,27.51,28.03,152694.0243105104,2280
2022-10-23T00:00:00.000Z,28.02,29.39,27.75,29.29,219704.5199795003,3838
2022-10-24T00:00:00.000Z,29.3,29.49,28.17,28.32,232460.6472498306,3638
2022-10-25T00:00:00.000Z,28.3,32.3,28.08,30.95,485454.3788085189,9412
2022-10-26T00:00:00.000Z,30.89,32.15,30.62,31.29,199959.7463789908,6561
2022-10-27T00:00:00.000Z,31.3,32.32,30.46,30.58,240675.8292327399,6037
2022-10-28T00:00:00.000Z,30.57,32.53,30.1,32.06,263130.7765264916,7637
2022-10-29T00:00:00.000Z,32.08,33.84,31.89,32.89,417125.4789929037,8974
2022-10-30T00:00:00.000Z,32.89,33.51,31.93,32.93,190161.0751987917,4792
2022-10-31T00:00:00.000Z,33.02,34.36,32.23,32.56,407283.0288854791,7380
2022-11-01T00:00:00.000Z,32.55,33.37,32.16,32.19,169701.298671471,4268
2022-11-02T00:00:00.000Z,32.22,32.96,23.01,30.79,443367.9119394058,12282
2022-11-03T00:00:00.000Z,30.81,32.21,30.59,30.81,161363.085403651,4628
2022-11-04T00:00:00.000Z,30.82,34.19,30.7,33.74,347133.9187199291,8143
2022-11-05T00:00:00.000Z,33.74,38.74,33.69,36.83,635495.2931405633,17466
2022-11-06T00:00:00.000Z,36.89,37.05,32.33,32.62,442704.9616944567,11004
2022-11-07T00:00:00.000Z,32.59,33.07,28.14,29.63,878303.923243397,19444
2022-11-08T00:00:00.000Z,29.6,31.75,22.89,24.34,2578498.208754848,77931
2022-11-09T00:00:00.000Z,24.33,24.33,12.2,13.99,3338392.7923397818,81370
2022-11-10T00:00:00.000Z,13.98,21.99,12.18,17.64,2051886.03013244,47898
2022-11-11T00:00:00.000Z,17.59,18.26,15.0,16.36,1181733.1496426428,23413
2022-11-12T00:00:00.000Z,16.39,16.45,14.44,14.53,360648.9146692663,8086
2022-11-13T00:00:00.000Z,14.54,14.69,13.05,13.16,380774.8994184487,9655
2022-11-14T00:00:00.000Z,13.17,15.18,12.2,14.0,615780.2625085354,15910
2022-11-15T00:00:00.000Z,13.99,15.09,13.81,14.31,538659.6412907783,8707
2022-11-16T00:00:00.000Z,14.3,14.59,13.63,14.29,354038.5324814488,6013
2022-11-17T00:00:00.000Z,14.27,14.49,12.91,13.63,382745.9133531487,7610
2022-11-18T00:00:00.000Z,13.63,13.86,12.98,13.25,233415.3778223914,4267
2022-11-19T00:00:00.000Z,13.25,13.3,12.58,12.82,199587.294783381,4063
2022-11-20T00:00:00.000Z,12.84,13.55,12.11,12.27,362528.5641533105,6088
2022-11-21T00:00:00.000Z,12.26,12.27,11.27,11.82,378927.1110261388,6777
2022-11-22T00:00:00.000Z,11.82,12.51,10.92,12.42,453550.4203740742,6185
2022-11-23T00:00:00.000Z,12.43,14.5,12.38,14.34,913826.620198125,9917
2022-11-24T00:00:00.000Z,14.34,14.93,13.85,14.6,453342.6850713677,6624
2022-11-25T00:00:00.000Z,14.6,14.6,13.9,14.02,364502.4271954581,4401
2022-11-26T00:00:00.000Z,14.03,14.94,13.96,14.16,390700.2871173767,4417
2022-11-27T00:00:00.000Z,14.16,14.44,14.06,14.11,363271.6498221582,3329
2022-11-28T00:00:00.000Z,14.11,14.16,12.78,13.34,663307.5953783658,8586
2022-11-29T00:00:00.000Z,13.33,13.95,13.15,13.34,285701.45056501,3659
2022-11-30T00:00:00.000Z,13.34,14.32,13.23,14.16,392185.8368116288,5451
2022-12-01T00:00:00.000Z,14.17,14.17,13.4,13.51,326920.7318215905,4018
2022-12-02T00:00:00.000Z,13.52,13.81,13.34,13.71,200706.541751692,3101
2022-12-03T00:00:00.000Z,13.72,13.76,13.23,13.3,98549.51074792,2030
2022-12-04T00:00:00.000Z,13.3,13.75,13.29,13.72,81414.9153747002,2093
2022-12-05T00:00:00.000Z,13.71,14.17,13.59,13.82,395521.7780328773,4358
2022-12-06T00:00:00.000Z,13.82,14.38,13.82,14.3,309286.4341174715,3169
2022-12-07T00:00:00.000Z,14.3,14.32,13.42,13.5,326744.2105646248,3300
2022-12-08T00:00:00.000Z,13.5,13.78,13.25,13.7,166229.784333201,2716
2022-12-09T00:00:00.000Z,13.7,14.02,13.53,13.56,115108.7751213806,2255
2022-12-10T00:00:00.000Z,13.58,13.72,13.55,13.56,62468.0826068098,1263
2022-12-11T00:00:00.000Z,13.57,13.8,13.38,13.41,96055.1544106099,1402
2022-12-12T00:00:00.000Z,13.42,13.47,12.82,13.32,199623.8706573705,2577
2022-12-13T00:00:00.000Z,13.32,14.24,12.79,13.87,698053.8141035391,4945
2022-12-14T00:00:00.000Z,13.86,14.95,13.81,14.13,584137.107344208,5523
2022-12-15T00:00:00.000Z,14.14,14.51,13.87,14.05,303495.74079179,3773
2022-12-16T00:00:00.000Z,14.04,14.17,12.01,12.23,446447.6641257572,6213
2022-12-17T00:00:00.000Z,12.24,12.56,11.95,12.52,348598.3889164596,4857
2022-12-18T00:00:00.000Z,12.51,12.6,12.27,12.36,102401.8312123101,1589
2022-12-19T00:00:00.000Z,12.39,12.57,11.66,11.93,219324.7132205003,2750
2022-12-20T00:00:00.000Z,11.93,12.5,11.84,12.27,234689.3646365511,2810
2022-12-21T00:00:00.000Z,12.27,12.28,11.89,12.14,188750.7654113504,1908
2022-12-22T00:00:00.000Z,12.15,12.2,11.67,11.81,535948.6148557586,3816
2022-12-23T00:00:00.000Z,11.81,12.09,11.71,11.77,291052.251156711,2910
2022-12-24T00:00:00.000Z,11.77,11.78,11.1,11.46,401894.5075736787,3756
2022-12-25T00:00:00.000Z,11.44,11.55,11.25,11.39,95335.4681191503,1439
2022-12-26T00:00:00.000Z,11.38,11.48,11.05,11.32,200332.834337521,2567
2022-12-27T00:00:00.000Z,11.33,11.43,10.71,11.09,330213.5788584575,4415
2022-12-28T00:00:00.000Z,11.1,11.11,9.42,9.76,756682.4706744795,8648
2022-12-29T00:00:00.000Z,9.76,10.83,7.95,9.63,1266286.9427926384,11098
2022-12-30T00:00:00.000Z,9.62,10.28,9.01,9.89,938794.4489376463,10435
2022-12-31T00:00:00.000Z,9.9,10.22,9.64,9.96,468817.1741690711,5618
2023-01-01T00:00:00.000Z,9.97,10.07,9.69,10.0,247409.9462567802,2735
2023-01-02T00:00:00.000Z,9.99,12.01,9.81,11.27,570070.0284638074,9222
2023-01-03T00:00:00.000Z,11.29,13.89,11.02,13.38,1041699.743613446,16800
2023-01-04T00:00:00.000Z,13.33,14.18,12.8,13.44,825855.9205689925,14749
2023-01-05T00:00:00.000Z,13.44,13.87,12.93,13.42,458581.6009768403,8091
2023-01-06T00:00:00.000Z,13.42,13.58,12.7,13.52,533897.7451463405,6959
2023-01-07T00:00:00.000Z,13.5,13.5,13.02,13.1,185803.4338429499,2637
2023-01-08T00:00:00.000Z,13.1,14.89,12.86,14.46,384280.60537359,6814
2023-01-09T00:00:00.000Z,14.46,17.47,14.28,16.26,1428192.4276602897,21752
2023-01-10T00:00:00.000Z,16.32,16.71,15.57,16.21,488832.4317735602,8439
2023-01-11T00:00:00.000Z,16.2,16.61,15.3,16.37,621163.4708013985,9010
2023-01-12T00:00:00.000Z,16.38,17.0,15.56,16.59,827215.2937478857,11760
2023-01-13T00:00:00.000Z,16.6,18.6,16.29,18.3,746325.188224374,11484
2023-01-14T00:00:00.000Z,18.28,24.73,18.22,24.28,1896205.0778568909,38424
2023-01-15T00:00:00.000Z,24.25,25.13,22.0,22.9,681302.1840449717,15708
2023-01-16T00:00:00.000Z,22.9,24.98,22.23,23.58,679742.40899039,15341
2023-01-17T00:00:00.000Z,23.55,23.92,22.7,22.88,517201.7887170516,8953
2023-01-18T00:00:00.000Z,22.87,23.62,20.2,20.83,1115817.4924267796,18844
2023-01-19T00:00:00.000Z,20.78,21.86,20.42,21.43,482524.039726897,8097
2023-01-20T00:00:00.000Z,21.41,25.8,20.95,25.56,889124.8661550633,14765
2023-01-21T00:00:00.000Z,25.51,26.54,24.11,24.57,790027.3222843698,15634
2023-01-22T00:00:00.000Z,24.56,25.42,23.48,24.2,389976.3702726907,8444
2023-01-23T00:00:00.000Z,24.19,24.9,23.7,24.34,360532.1190771793,8292
2023-01-24T00:00:00.000Z,24.32,25.24,22.4,22.78,469032.4779622285,9748
2023-01-25T00:00:00.000Z,22.71,25.43,22.24,24.53,820929.1649185843,13511
2023-01-26T00:00:00.000Z,24.55,25.2,23.72,24.38,382209.6744117694,7302
2023-01-27T00:00:00.000Z,24.31,24.94,23.28,24.44,625253.0651652176,8286
2023-01-28T00:00:00.000Z,24.43,25.2,23.66,24.02,252694.9625356403,4294
2023-01-29T00:00:00.000Z,24.01,26.79,23.72,26.09,496625.5632711,9900
2023-01-30T00:00:00.000Z,26.08,26.3,23.13,23.96,552248.0176172195,10000
2023-01-31T00:00:00.000Z,23.96,24.48,23.49,23.93,453030.0784017686,6395
2023-02-01T00:00:00.000Z,23.93,25.21,22.5,24.97,721741.4560397946,9649
2023-02-02T00:00:00.000Z,25.02,26.19,24.14,24.3,547464.7998821785,10304
2023-02-03T00:00:00.000Z,24.32,25.05,24.01,24.68,395102.0925871808,5906
2023-02-04T00:00:00.000Z,24.68,24.93,24.21,24.35,139270.8820265899,2741
2023-02-05T00:00:00.000Z,24.32,24.45,23.05,23.49,256056.2927844721,5353
2023-02-06T00:00:00.000Z,23.47,23.72,22.48,22.72,253017.2052994806,4834
2023-02-07T00:00:00.000Z,22.65,23.97,22.56,23.84,386829.6937719318,6196
2023-02-08T00:00:00.000Z,23.84,24.22,22.81,23.19,299433.1130634508,4652
2023-02-09T00:00:00.000Z,23.23,23.32,19.78,20.47,549168.9619804062,8984
2023-02-10T00:00:00.000Z,20.48,21.18,19.7,20.12,400521.3236653423,6274
2023-02-11T00:00:00.000Z,20.11,20.91,20.11,20.82,154829.57155819,2730
2023-02-12T00:00:00.000Z,20.82,22.51,20.65,21.51,336198.1988195214,5092
2023-02-13T00:00:00.000Z,21.49,21.58,19.75,20.76,391685.3499573002,5940
2023-02-14T00:00:00.000Z,20.8,22.37,20.7,21.84,501463.4530715196,7003
2023-02-15T00:00:00.000Z,21.88,23.97,21.47,23.88,429003.4352573901,6313
2023-02-16T00:00:00.000Z,23.9,24.13,22.22,22.22,469151.09792016,7868
2023-02-17T00:00:00.000Z,22.24,23.58,22.03,23.15,279774.9727747909,5014
2023-02-18T00:00:00.000Z,23.17,23.92,22.93,23.47,192761.5362147098,3490
2023-02-19T00:00:00.000Z,23.46,25.63,23.23,24.83,342618.8030474702,8152
2023-02-20T00:00:00.000Z,24.86,27.09,24.12,26.24,589996.9171025099,11903
2023-02-21T00:00:00.000Z,26.26,26.59,24.51,24.98,572649.2956668563,8710
2023-02-22T00:00:00.000Z,24.98,25.11,23.18,24.17,631905.0013006667,8935
2023-02-23T00:00:00.000Z,24.16,24.69,23.57,23.92,570155.8650246675,7029
2023-02-24T00:00:00.000Z,23.92,24.15,22.5,23.08,462216.4861371603,5939
2023-02-25T00:00:00.000Z,23.08,23.32,21.44,22.36,304756.1651159899,4997
2023-02-26T00:00:00.000Z,22.38,23.5,22.25,23.28,385652.7295114503,4694
2023-02-27T00:00:00.000Z,23.26,23.4,22.32,22.67,324378.5079087896,5585
2023-02-28T00:00:00.000Z,22.69,22.75,21.78,21.86,343314.7490197701,4893
2023-03-01T00:00:00.000Z,21.89,22.89,21.68,22.52,296269.4689736497,4585
2023-03-02T00:00:00.000Z,22.5,22.73,21.67,21.99,245137.6612061609,3738
2023-03-03T00:00:00.000Z,22.01,22.01,20.38,21.41,278372.6915252212,4684
2023-03-04T00:00:00.000Z,21.39,21.6,20.21,20.99,158667.35581095,2625
2023-03-05T00:00:00.000Z,20.99,21.68,20.85,21.0,161458.5404552701,3056
2023-03-06T00:00:00.000Z,20.97,21.18,20.48,20.6,219146.8688341405,3652
2023-03-07T00:00:00.000Z,20.63,20.96,19.72,20.24,247294.7178931496,4246
2023-03-08T00:00:00.000Z,20.25,20.36,18.12,18.39,358211.5218150742,6799
2023-03-09T00:00:00.000Z,18.42,18.77,16.71,17.35,726718.8457271496,9382
2023-03-10T00:00:00.000Z,17.35,18.38,16.0,18.27,556021.0674851909,9299
2023-03-11T00:00:00.000Z,18.22,19.05,16.82,18.22,531674.7935048997,9561
2023-03-12T00:00:00.000Z,18.21,20.63,17.89,20.29,1227150.3673849208,13821
2023-03-13T00:00:00.000Z,20.37,21.71,18.91,20.49,812392.7648105636,12739
2023-03-14T00:00:00.000Z,20.5,22.17,19.85,20.94,784174.7253603917,15677
2023-03-15T00:00:00.000Z,20.95,21.55,18.76,19.33,653016.9879855139,11211
2023-03-16T00:00:00.000Z,19.31,19.95,18.97,19.73,472695.4568595299,6607
2023-03-17T00:00:00.000Z,19.72,21.72,19.46,21.65,452178.4871827885,8610
2023-03-18T00:00:00.000Z,21.64,22.95,21.11,21.25,545824.670872549,10507
2023-03-19T00:00:00.000Z,21.25,22.48,21.25,21.92,279235.5022390402,6028
2023-03-20T00:00:00.000Z,21.93,23.98,21.44,22.16,792077.8159241538,15800
2023-03-21T00:00:00.000Z,22.11,23.36,21.53,22.62,616062.0767935669,9714
2023-03-22T00:00:00.000Z,22.53,23.1,21.0,21.43,535771.5081721343,10741
2023-03-23T00:00:00.000Z,21.43,22.75,21.1,22.22,372115.031875489,7030
2023-03-24T00:00:00.000Z,22.21,22.28,20.27,20.68,444016.432494331,6993
2023-03-25T00:00:00.000Z,20.67,20.96,20.12,20.44,156426.7696054204,3349
2023-03-26T00:00:00.000Z,20.45,21.16,20.3,20.96,216059.4906671414,4229
2023-03-27T00:00:00.000Z,20.95,20.98,19.36,19.89,315409.9300550501,5364
2023-03-28T00:00:00.000Z,19.89,20.88,19.61,20.45,246749.4852410406,5464
2023-03-29T00:00:00.000Z,20.47,21.55,20.46,21.11,408847.8821021482,8363
2023-03-30T00:00:00.000Z,21.11,21.66,20.14,20.55,339834.03235916,7245
2023-03-31T00:00:00.000Z,20.55,21.48,20.04,21.18,257597.3483917703,5076
2023-04-01T00:00:00.000Z,21.19,21.32,20.76,21.09,95456.7950483398,3209
2023-04-02T00:00:00.000Z,21.1,21.29,20.25,20.52,148057.4512640898,3509
2023-04-03T00:00:00.000Z,20.5,20.98,19.97,20.45,416994.5277442501,6757
2023-04-04T00:00:00.000Z,20.49,21.25,20.3,20.91,403766.4225700886,5191
2023-04-05T00:00:00.000Z,20.93,21.36,20.55,20.98,506824.7327644587,6736
2023-04-06T00:00:00.000Z,20.99,20.99,20.4,20.64,185178.7425052202,2829
2023-04-07T00:00:00.000Z,20.62,20.77,20.1,20.46,153869.7135653305,3057
2023-04-08T00:00:00.000Z,20.46,20.74,19.87,20.05,154356.3446868399,2678
2023-04-09T00:00:00.000Z,20.06,20.44,19.87,20.3,136997.8916020101,2159
2023-04-10T00:00:00.000Z,20.3,20.97,20.08,20.91,335635.6186914987,4692
2023-04-11T00:00:00.000Z,20.92,23.69,20.86,23.02,1123625.2336187295,25270
2023-04-12T00:00:00.000Z,23.02,24.66,22.34,23.81,652562.0328860187,14272
2023-04-13T00:00:00.000Z,23.81,25.29,23.67,24.46,471775.2185658248,10689
2023-04-14T00:00:00.000Z,24.46,25.5,23.76,24.75,607908.629320166,13139
2023-04-15T00:00:00.000Z,24.74,24.81,23.83,24.08,231584.6924239203,5570
2023-04-16T00:00:00.000Z,24.05,25.5,23.87,25.35,238711.8393568266,7515
2023-04-17T00:00:00.000Z,25.37,26.03,24.33,24.59,382663.1406275702,9561
2023-04-18T00:00:00.000Z,24.58,25.44,24.01,24.82,320835.1629062896,7477
2023-04-19T00:00:00.000Z,24.83,25.0,22.03,22.72,592386.810216664,15323
2023-04-20T00:00:00.000Z,22.67,23.2,21.6,22.19,702587.1633963824,10980
2023-04-21T00:00:00.000Z,22.19,22.42,20.99,21.27,322569.8681160094,6932
2023-04-22T00:00:00.000Z,21.26,21.99,21.07,21.81,191655.43670344,3637
2023-04-23T00:00:00.000Z,21.81,22.25,20.92,21.47,218565.2072925903,4818
2023-04-24T00:00:00.000Z,21.48,22.02,21.01,21.39,439062.1201421684,6497
2023-04-25T00:00:00.000Z,21.4,21.95,20.75,21.92,266349.7674389607,5768
2023-04-26T00:00:00.000Z,21.93,22.97,20.39,21.28,679924.9818878871,11390
2023-04-27T00:00:00.000Z,21.25,22.54,21.2,22.34,627971.1429783156,8143
2023-04-28T00:00:00.000Z,22.34,23.52,22.16,23.37,384250.3218786191,7751
2023-04-29T00:00:00.000Z,23.37,23.92,22.91,23.22,209643.1243821695,4265
2023-04-30T00:00:00.000Z,23.19,23.99,22.71,22.72,206014.7851765898,4128
2023-05-01T00:00:00.000Z,22.74,22.88,21.57,21.98,391805.3681459589,6414
2023-05-02T00:00:00.000Z,21.93,22.41,21.74,22.28,449244.7135480192,4687
2023-05-03T00:00:00.000Z,22.28,22.32,21.22,22.25,486290.5803439289,7096
2023-05-04T00:00:00.000Z,22.26,22.6,21.62,21.73,436162.5344908005,5570
2023-05-05T00:00:00.000Z,21.73,23.07,21.6,22.85,477407.2241374384,7920
2023-05-06T00:00:00.000Z,22.85,23.27,21.6,21.97,422193.4514818671,5490
2023-05-07T00:00:00.000Z,21.96,22.78,21.6,21.6,383831.2561888786,4590
2023-05-08T00:00:00.000Z,21.67,21.82,20.01,20.64,484050.0815292689,8152
2023-05-09T00:00:00.000Z,20.61,21.01,20.43,20.68,138641.7004045602,3744
2023-05-10T00:00:00.000Z,20.68,21.35,19.92,20.94,374777.7028208892,6660
2023-05-11T00:00:00.000Z,20.94,20.94,19.74,20.21,270151.2320442395,4738
2023-05-12T00:00:00.000Z,20.19,21.01,19.75,20.91,493623.7718410497,6511
2023-05-13T00:00:00.000Z,20.94,21.29,20.79,20.86,316867.4398879194,4093
2023-05-14T00:00:00.000Z,20.85,21.27,20.6,20.95,272384.4516486094,3346
2023-05-15T00:00:00.000Z,20.94,21.51,20.6,21.01,407801.2160972891,5054
2023-05-16T00:00:00.000Z,21.0,21.13,20.44,20.67,383136.0648446696,4431
2023-05-17T00:00:00.000Z,20.66,21.2,20.42,21.04,370292.8855504596,4912
2023-05-18T00:00:00.000Z,21.06,21.1,20.09,20.35,353585.5035283908,3857
2023-05-19T00:00:00.000Z,20.33,20.6,20.24,20.36,102448.9852601604,1885
2023-05-20T00:00:00.000Z,20.36,20.36,20.09,20.27,86346.21898796,1619
2023-05-21T00:00:00.000Z,20.27,20.39,19.4,19.62,167386.0716586605,3036
2023-05-22T00:00:00.000Z,19.59,20.03,19.29,19.54,135597.6986515209,2820
2023-05-23T00:00:00.000Z,19.53,20.18,19.43,20.04,231043.3652392497,3697
2023-05-24T00:00:00.000Z,20.04,20.06,18.7,19.21,443900.2471572504,6310
2023-05-25T00:00:00.000Z,19.22,19.6,18.77,19.26,126543.7559412399,2592
2023-05-26T00:00:00.000Z,19.26,19.57,19.1,19.37,81426.5964513399,1727
2023-05-27T00:00:00.000Z,19.37,20.52,19.35,20.46,173119.3623339299,4487
2023-05-28T00:00:00.000Z,20.46,21.18,20.31,20.82,365104.8485810203,6138
2023-05-29T00:00:00.000Z,20.85,20.99,20.24,20.58,279576.0877167308,3477
2023-05-30T00:00:00.000Z,20.59,21.42,20.47,21.26,530755.0969826895,8402
2023-05-31T00:00:00.000Z,21.27,21.33,20.4,20.81,335173.3757097097,3937
2023-06-01T00:00:00.000Z,20.83,20.97,20.41,20.51,238987.8175479799,3313
2023-06-02T00:00:00.000Z,20.5,21.38,20.33,21.25,356791.4018047097,4418
2023-06-03T00:00:00.000Z,21.25,21.36,20.94,21.2,176999.20363674,1856
2023-06-04T00:00:00.000Z,21.2,22.32,21.05,21.82,388427.4192319989,5252
2023-06-05T00:00:00.000Z,21.83,22.05,19.23,20.01,697288.1093401703,9943
2023-06-06T00:00:00.000Z,20.0,20.7,19.24,20.39,496771.9700655786,6979
2023-06-07T00:00:00.000Z,20.38,20.54,18.54,18.63,428387.3161929672,8474
2023-06-08T00:00:00.000Z,18.62,19.11,18.24,18.88,319129.9224971986,4765
2023-06-09T00:00:00.000Z,18.88,19.36,17.09,17.39,539115.7273141096,8108
2023-06-10T00:00:00.000Z,17.39,17.4,13.0,15.63,1744692.6113051956,30218
2023-06-11T00:00:00.000Z,15.64,16.17,15.12,15.57,301109.9345797903,5917
2023-06-12T00:00:00.000Z,15.53,15.69,14.73,15.19,384803.6334425103,5700
2023-06-13T00:00:00.000Z,15.2,16.0,14.77,15.02,329924.0164230301,5263
2023-06-14T00:00:00.000Z,15.01,15.35,14.09,14.48,316771.3637476995,6207
2023-06-15T00:00:00.000Z,14.46,15.06,14.16,14.77,454853.4700054996,7033
2023-06-16T00:00:00.000Z,14.76,15.44,14.4,15.31,239138.9703980593,6067
2023-06-17T00:00:00.000Z,15.31,16.1,15.17,15.64,179372.3238636839,6080
2023-06-18T00:00:00.000Z,15.63,15.85,15.3,15.43,107743.264131634,19175
2023-06-19T00:00:00.000Z,15.43,16.15,15.34,16.12,160314.8830279112,3553
2023-06-20T00:00:00.000Z,16.1,16.69,15.72,16.64,355077.1425379117,8940
2023-06-21T00:00:00.000Z,16.65,17.4,16.55,17.25,740181.2364821751,9314
2023-06-22T00:00:00.000Z,17.24,17.73,16.58,16.63,475604.309420799,6675
2023-06-23T00:00:00.000Z,16.63,17.54,16.17,17.16,704612.0951636505,13861
2023-06-24T00:00:00.000Z,17.15,17.52,16.39,16.66,571532.2570782178,11738
2023-06-25T00:00:00.000Z,16.64,17.37,16.57,16.96,382962.0523735392,5098
2023-06-26T00:00:00.000Z,16.97,17.15,15.94,16.27,446704.5700549776,8920
2023-06-27T00:00:00.000Z,16.26,16.92,16.13,16.63,301425.9382365099,4799
2023-06-28T00:00:00.000Z,16.63,16.66,15.64,15.99,342084.1051848113,5507
2023-06-29T00:00:00.000Z,15.97,18.27,15.88,17.99,899695.2145416979,10681
2023-06-30T00:00:00.000Z,17.99,20.0,17.04,18.86,985641.683673906,14269
2023-07-01T00:00:00.000Z,18.89,19.0,17.9,18.72,391785.01885053,5245
2023-07-02T00:00:00.000Z,18.72,19.74,18.54,19.46,388365.6245094087,6195
2023-07-03T00:00:00.000Z,19.47,19.64,18.87,19.26,215383.4698252903,3797
2023-07-04T00:00:00.000Z,19.27,19.93,19.07,19.14,194815.3896058204,4215
2023-07-05T00:00:00.000Z,19.14,19.38,18.35,18.99,312657.7715708998,4175
2023-07-06T00:00:00.000Z,18.98,20.96,18.82,19.62,1064268.7710537885,14383
2023-07-07T00:00:00.000Z,19.6,21.84,19.28,21.5,1359659.1974948165,13902
2023-07-08T00:00:00.000Z,21.51,22.45,21.31,21.85,541136.1460285014,7713
2023-07-09T00:00:00.000Z,21.84,22.36,21.01,21.34,369798.1036076799,5298
2023-07-10T00:00:00.000Z,21.32,21.85,20.48,21.3,791750.5650132465,8430
2023-07-11T00:00:00.000Z,21.3,22.35,21.22,22.08,387835.5225214596,5068
2023-07-12T00:00:00.000Z,22.08,22.78,21.75,21.94,539184.7832709356,5980
2023-07-13T00:00:00.000Z,21.93,26.83,21.43,26.0,1105572.7208926312,18199
2023-07-14T00:00:00.000Z,26.02,32.42,25.23,26.71,1303581.6210729952,24846
2023-07-15T00:00:00.000Z,26.64,29.08,26.51,27.42,724389.3330761535,12072
2023-07-16T00:00:00.000Z,27.47,28.66,26.56,27.42,550051.7903726277,8353
2023-07-17T00:00:00.000Z,27.44,28.46,25.56,26.87,889621.7459929707,12254
2023-07-18T00:00:00.000Z,26.82,27.08,24.77,25.56,538070.5776233447,8737
2023-07-19T00:00:00.000Z,25.55,26.99,25.35,26.32,844339.3631370736,10029
2023-07-20T00:00:00.000Z,26.34,27.38,25.04,25.35,726762.3598274313,8902
2023-07-21T00:00:00.000Z,25.37,25.98,25.08,25.5,295844.1192664097,4871
2023-07-22T00:00:00.000Z,25.52,25.95,24.1,24.52,273652.3716779602,4074
2023-07-23T00:00:00.000Z,24.52,25.25,24.16,24.75,341841.9326732889,4212
2023-07-24T00:00:00.000Z,24.77,24.83,22.87,23.37,396535.8400078008,6609
2023-07-25T00:00:00.000Z,23.35,26.19,22.7,23.31,408743.4969023583,6289
2023-07-26T00:00:00.000Z,23.31,25.66,23.2,25.18,511081.9108507177,7700
2023-07-27T00:00:00.000Z,25.17,25.65,24.68,25.09,426394.7169819103,6917
2023-07-28T00:00:00.000Z,25.09,25.52,24.51,24.83,383762.5610706509,5187
2023-07-29T00:00:00.000Z,24.83,25.37,24.75,25.15,166926.0840383402,2478
2023-07-30T00:00:00.000Z,25.16,25.21,23.56,24.26,314343.5661452785,5080
2023-07-31T00:00:00.000Z,24.25,24.77,23.54,23.71,363850.2977023385,4618
2023-08-01T00:00:00.000Z,23.67,24.05,22.88,24.05,361127.6367504103,5711
2023-08-02T00:00:00.000Z,24.05,24.26,22.8,23.14,291971.49803586,4746
2023-08-03T00:00:00.000Z,23.14,23.37,22.46,22.61,253722.0612117001,5092
2023-08-04T00:00:00.000Z,22.62,23.61,22.47,22.77,337334.2488524699,6556
2023-08-05T00:00:00.000Z,22.77,22.9,22.22,22.64,149493.55743441,3465
2023-08-06T00:00:00.000Z,22.65,23.44,22.59,23.18,332039.4665893196,4742
2023-08-07T00:00:00.000Z,23.17,23.62,22.31,23.11,298740.9627257704,5771
2023-08-08T00:00:00.000Z,23.1,24.78,23.01,24.22,411081.2223679693,8211
2023-08-09T00:00:00.000Z,24.22,25.01,24.08,24.36,426639.697686419,8858
2023-08-10T00:00:00.000Z,24.37,24.86,24.12,24.58,205514.6840214797,5579
2023-08-11T00:00:00.000Z,24.59,24.89,24.31,24.61,256827.7230416594,5249
2023-08-12T00:00:00.000Z,24.61,25.25,24.38,24.9,158400.0204699395,3072
2023-08-13T00:00:00.000Z,24.91,24.93,24.19,24.22,154625.2155032001,3393
2023-08-14T00:00:00.000Z,24.2,25.27,24.06,25.16,421355.955330159,5656
2023-08-15T00:00:00.000Z,25.17,25.38,23.72,23.89,335981.2533247796,5814
2023-08-16T00:00:00.000Z,23.86,23.99,22.38,22.79,374636.0695816086,7753
2023-08-17T00:00:00.000Z,22.79,23.39,19.79,21.68,753142.280951178,16571
2023-08-18T00:00:00.000Z,21.69,22.18,20.88,21.33,349968.2286702397,7719
2023-08-19T00:00:00.000Z,21.33,22.16,21.29,21.88,190369.8064011103,3579
2023-08-20T00:00:00.000Z,21.89,22.02,21.58,21.76,92351.2248045601,2368
2023-08-21T00:00:00.000Z,21.74,21.76,20.31,21.2,422526.2677704993,5245
2023-08-22T00:00:00.000Z,21.19,21.26,19.37,20.53,481972.535812193,6588
2023-08-23T00:00:00.000Z,20.56,21.84,20.33,21.74,530513.6711472222,8306
2023-08-24T00:00:00.000Z,21.74,22.04,20.66,21.04,381728.1528964401,7955
2023-08-25T00:00:00.000Z,21.05,21.05,20.08,20.42,225877.7741609691,6626
2023-08-26T00:00:00.000Z,20.41,20.42,20.19,20.29,55478.9678946502,3678
2023-08-27T00:00:00.000Z,20.28,20.9,20.24,20.79,126701.3702320903,4679
2023-08-28T00:00:00.000Z,20.78,20.79,20.04,20.56,213263.4335491394,6919
2023-08-29T00:00:00.000Z,20.57,22.08,20.11,21.8,546114.2408564781,9964
2023-08-30T00:00:00.000Z,21.8,21.98,20.61,20.82,349422.6963652506,6178
2023-08-31T00:00:00.000Z,20.82,21.08,19.47,19.73,483263.8644677605,8100
2023-09-01T00:00:00.000Z,19.73,19.92,19.02,19.31,406281.6023708677,6546
2023-09-02T00:00:00.000Z,19.31,19.69,19.13,19.49,128966.58048187,3761
2023-09-03T00:00:00.000Z,19.49,19.67,19.24,19.56,141127.4663098803,3075
2023-09-04T00:00:00.000Z,19.58,20.02,19.16,19.5,257583.3745792602,4891
2023-09-05T00:00:00.000Z,19.52,20.59,19.04,20.27,638407.2589451193,8729
2023-09-06T00:00:00.000Z,20.26,20.37,19.15,19.63,404576.7412482662,7082
2023-09-07T00:00:00.000Z,19.63,20.01,19.32,19.91,300011.5067532496,5710
2023-09-08T00:00:00.000Z,19.93,20.3,19.34,19.61,298862.9142641008,5329
2023-09-09T00:00:00.000Z,19.59,19.6,19.38,19.44,97548.90272113,2242
2023-09-10T00:00:00.000Z,19.43,19.43,17.78,18.24,581329.0466635071,9964
2023-09-11T00:00:00.000Z,18.22,18.46,17.35,17.72,590864.3716134387,9220
2023-09-12T00:00:00.000Z,17.73,18.79,17.57,17.91,575223.4333737174,7861
2023-09-13T00:00:00.000Z,17.92,18.59,17.7,18.39,612376.6224817382,7785
2023-09-14T00:00:00.000Z,18.4,19.32,18.4,18.86,373523.2440199201,6915
2023-09-15T00:00:00.000Z,18.86,19.5,18.56,19.13,342326.1627866504,5885
2023-09-16T00:00:00.000Z,19.15,19.45,18.88,19.14,116557.8726210092,3407
2023-09-17T00:00:00.000Z,19.14,19.14,18.65,18.82,121528.45124793,3531
2023-09-18T00:00:00.000Z,18.83,20.17,18.62,19.65,399180.0847529714,10113
2023-09-19T00:00:00.000Z,19.65,20.39,19.59,20.02,316845.8718324205,6694
2023-09-20T00:00:00.000Z,20.03,20.53,19.8,20.3,390014.4352466087,5457
2023-09-21T00:00:00.000Z,20.3,20.3,19.29,19.46,342855.8848121696,5180
2023-09-22T00:00:00.000Z,19.45,19.78,19.16,19.43,281611.1625601102,4017
2023-09-23T00:00:00.000Z,19.43,19.57,19.28,19.48,134430.77119061,2334
2023-09-24T00:00:00.000Z,19.48,19.66,19.23,19.37,144562.4442322498,2677
2023-09-25T00:00:00.000Z,19.36,19.74,19.1,19.39,262089.8520970994,3456
2023-09-26T00:00:00.000Z,19.39,19.51,18.82,19.03,262274.3722790304,3409
2023-09-27T00:00:00.000Z,19.03,19.47,18.74,19.13,341604.232814029,4394
2023-09-28T00:00:00.000Z,19.12,19.98,19.09,19.97,316493.3776454607,4435
2023-09-29T00:00:00.000Z,19.97,20.45,19.87,20.28,289934.2873475089,4391
2023-09-30T00:00:00.000Z,20.28,21.83,20.1,21.37,366087.1714232393,6494
2023-10-01T00:00:00.000Z,21.37,24.47,21.15,23.87,678956.340450832,12928
2023-10-02T00:00:00.000Z,23.88,24.77,22.92,23.36,576807.7577758982,11244
2023-10-03T00:00:00.000Z,23.38,24.77,23.24,23.6,572010.0548407492,9093
2023-10-04T00:00:00.000Z,23.6,23.83,22.6,23.15,439387.5703510598,7597
2023-10-05T00:00:00.000Z,23.14,23.74,22.56,22.68,350115.2547508609,5694
2023-10-06T00:00:00.000Z,22.68,23.75,22.68,23.42,361566.5070640295,6224
2023-10-07T00:00:00.000Z,23.42,24.2,23.11,23.32,208529.5338912497,3767
2023-10-08T00:00:00.000Z,23.3,23.65,23.09,23.23,137402.8373525801,3078
2023-10-09T00:00:00.000Z,23.24,23.37,21.62,22.09,357683.791228107,7518
2023-10-10T00:00:00.000Z,22.09,22.49,21.7,22.11,242930.1057367147,6577
2023-10-11T00:00:00.000Z,22.11,22.41,21.62,22.01,278332.7496750977,5776
2023-10-12T00:00:00.000Z,22.01,22.01,20.94,21.29,380222.8000829871,6130
2023-10-13T00:00:00.000Z,21.29,22.19,21.11,21.82,198710.7172128997,4119
2023-10-14T00:00:00.000Z,21.83,22.28,21.8,22.0,100911.6749850202,2233
2023-10-15T00:00:00.000Z,22.0,22.15,21.64,21.93,114319.4979834601,2448
2023-10-16T00:00:00.000Z,21.92,24.82,21.92,23.97,669202.1619676136,10740
2023-10-17T00:00:00.000Z,23.97,24.55,23.5,23.96,504235.6862895901,8758
2023-10-18T00:00:00.000Z,23.94,24.43,23.37,23.41,337823.671405299,4274
2023-10-19T00:00:00.000Z,23.41,25.71,23.13,24.93,535659.0907495379,9154
2023-10-20T00:00:00.000Z,24.94,27.49,24.76,27.03,793923.7343602785,13458
2023-10-21T00:00:00.000Z,27.03,30.32,26.67,29.35,881713.4883347917,13445
2023-10-22T00:00:00.000Z,29.34,29.99,28.08,29.02,497755.7167525872,9599
2023-10-23T00:00:00.000Z,29.05,32.79,28.75,31.94,1104965.291755494,20460
2023-10-24T00:00:00.000Z,31.9,32.59,29.53,30.19,1258718.668639721,21867
2023-10-25T00:00:00.000Z,30.17,33.89,30.02,32.45,792760.9222212285,17688
2023-10-26T00:00:00.000Z,32.45,33.26,30.7,32.75,858831.5529036766,16815
2023-10-27T00:00:00.000Z,32.79,33.35,31.23,31.74,905916.4342491968,14571
2023-10-28T00:00:00.000Z,31.72,32.49,31.4,31.66,314164.2149391909,7724
2023-10-29T00:00:00.000Z,31.66,33.17,31.28,32.83,419679.6261957393,8183
2023-10-30T00:00:00.000Z,32.83,35.36,32.34,34.96,750852.023892388,16443
2023-10-31T00:00:00.000Z,34.97,38.6,34.86,38.42,935797.9828577128,23556
2023-11-01T00:00:00.000Z,38.42,46.69,37.91,41.17,1977554.3471765616,55870
2023-11-02T00:00:00.000Z,41.18,44.56,38.7,40.24,1653814.3994148772,41118
2023-11-03T00:00:00.000Z,40.25,40.25,37.65,39.48,959877.3643133166,22401
2023-11-04T00:00:00.000Z,39.48,42.73,39.03,42.44,778529.3641147362,22308
2023-11-05T00:00:00.000Z,42.44,42.85,40.12,41.19,724945.0332056078,20839
2023-11-06T00:00:00.000Z,41.2,42.22,39.71,42.16,705639.3873720437,18903
2023-11-07T00:00:00.000Z,42.19,44.74,40.12,42.95,1163177.834972937,25484
2023-11-08T00:00:00.000Z,42.95,43.92,42.29,43.14,799507.3282368073,14983
2023-11-09T00:00:00.000Z,43.14,48.96,42.53,45.33,1957272.1436034793,41319
2023-11-10T00:00:00.000Z,45.3,57.58,45.05,56.72,2188244.446137149,52574
2023-11-11T00:00:00.000Z,56.68,63.99,53.56,56.35,1713864.5333803822,66773
2023-11-12T00:00:00.000Z,56.34,61.99,54.54,56.3,1503076.0926783476,57389
2023-11-13T00:00:00.000Z,56.22,59.8,51.58,51.63,1678931.399082814,56869
2023-11-14T00:00:00.000Z,51.62,57.97,51.23,56.81,1744136.10769351,50997
2023-11-15T00:00:00.000Z,56.82,67.21,56.14,65.54,1674266.91164256,56007
2023-11-16T00:00:00.000Z,65.49,68.16,56.39,57.75,1874497.1574734368,58727
2023-11-17T00:00:00.000Z,57.77,60.54,54.11,58.53,1440226.7786312469,40680
2023-11-18T00:00:00.000Z,58.53,59.39,54.7,58.58,819614.8496278742,23942
2023-11-19T00:00:00.000Z,58.59,62.08,56.64,61.1,1076828.5324627347,29191
2023-11-20T00:00:00.000Z,61.1,61.36,55.99,56.59,1415015.2823022783,29998
2023-11-21T00:00:00.000Z,56.61,57.4,51.23,51.66,1486235.9091415007,37254
2023-11-22T00:00:00.000Z,51.65,58.92,51.48,57.58,1297207.0706458443,29044
2023-11-23T00:00:00.000Z,57.57,59.65,56.2,56.42,814699.0069339458,18958
2023-11-24T00:00:00.000Z,56.52,58.78,56.2,56.85,730019.7182223805,17019
2023-11-25T00:00:00.000Z,56.87,59.76,55.77,58.84,730095.8003849493,21376
2023-11-26T00:00:00.000Z,58.84,59.06,56.17,57.54,558187.8706300854,16530
2023-11-27T00:00:00.000Z,57.56,58.06,53.5,55.07,790766.4241399651,20245
2023-11-28T00:00:00.000Z,55.07,58.76,53.95,58.2,792595.7616081557,19868
2023-11-29T00:00:00.000Z,58.23,61.79,57.76,59.28,900769.9629818444,22957
2023-11-30T00:00:00.000Z,59.3,61.67,58.78,59.25,493913.5519049689,15476
2023-12-01T00:00:00.000Z,59.29,61.86,58.63,59.81,620829.9744286587,15729
2023-12-02T00:00:00.000Z,59.8,63.89,59.73,63.74,420745.0934545251,15709
2023-12-03T00:00:00.000Z,63.72,65.56,62.26,62.98,675615.0566024642,20429
2023-12-04T00:00:00.000Z,63.01,65.2,56.89,61.57,1062058.4613609647,27301
2023-12-05T00:00:00.000Z,61.57,62.52,59.13,60.95,590763.4100880645,16923
2023-12-06T00:00:00.000Z,61.0,66.67,61.0,61.91,896213.7661390591,32318
2023-12-07T00:00:00.000Z,61.88,69.36,61.71,67.81,986517.3342295572,30009
2023-12-08T00:00:00.000Z,67.82,75.34,67.82,74.9,1066956.4384757078,37064
2023-12-09T00:00:00.000Z,74.9,77.72,71.56,72.32,863759.7892512779,34235
2023-12-10T00:00:00.000Z,72.34,74.93,70.73,74.77,503442.3770555143,21607
2023-12-11T00:00:00.000Z,74.8,74.9,66.0,70.26,1186567.8966432617,43054
2023-12-12T00:00:00.000Z,70.25,72.36,65.75,68.56,719348.7697496656,23294
2023-12-13T00:00:00.000Z,68.54,76.9,63.78,70.64,902237.0169800208,26725
2023-12-14T00:00:00.000Z,70.77,76.27,67.98,75.66,806583.0475461463,27945
2023-12-15T00:00:00.000Z,75.74,79.45,72.12,72.51,785054.9182700298,28712
2023-12-16T00:00:00.000Z,72.49,77.18,71.25,73.68,601596.7969961071,19630
2023-12-17T00:00:00.000Z,73.75,74.89,70.36,70.77,496609.9954972419,16566
2023-12-18T00:00:00.000Z,70.74,75.65,67.25,74.4,929821.7438602002,28474
2023-12-19T00:00:00.000Z,74.41,76.26,71.79,73.04,666334.2346855653,20619
2023-12-20T00:00:00.000Z,73.01,84.11,72.99,82.19,1509671.6174684956,40587
2023-12-21T00:00:00.000Z,82.34,95.59,81.04,93.88,1242970.7549867742,47990
2023-12-22T00:00:00.000Z,93.86,99.49,90.42,98.06,1414944.6925407918,47970
2023-12-23T00:00:00.000Z,97.95,110.0,92.85,107.97,1024989.0869391636,36555
2023-12-24T00:00:00.000Z,107.83,118.13,107.5,112.48,1558114.6686244423,59954
2023-12-25T00:00:00.000Z,112.58,126.13,108.0,120.96,1231482.3145533816,51681
2023-12-26T00:00:00.000Z,120.98,121.49,102.04,112.55,1447216.0195151167,54758
2023-12-27T00:00:00.000Z,112.53,115.41,104.77,106.94,1033648.6364108132,35915
2023-12-28T00:00:00.000Z,106.97,109.65,97.07,101.93,1053228.4442415943,34737
2023-12-29T00:00:00.000Z,101.92,109.9,93.5,106.24,1223413.361312942,39337
2023-12-30T00:00:00.000Z,106.38,107.41,100.74,101.85,273168.1394732211,12147
2023-12-31T00:00:00.000Z,101.84,105.16,99.5,101.85,375593.3457945423,12942
2024-01-01T00:00:00.000Z,101.74,109.89,101.5,109.89,424962.6277902902,15417
2024-01-02T00:00:00.000Z,109.9,117.0,106.03,106.81,892533.2600535939,34978
2024-01-03T00:00:00.000Z,106.81,110.04,71.0,98.62,1244541.425221112,47032
2024-01-04T00:00:00.000Z,98.56,108.26,96.72,105.03,845551.8896643469,24662
2024-01-05T00:00:00.000Z,105.07,105.52,95.33,100.02,693059.4712599645,24925
2024-01-06T00:00:00.000Z,100.06,100.36,91.73,93.78,377424.3800122118,14969
2024-01-07T00:00:00.000Z,93.83,96.77,87.92,89.5,494640.4008541958,19079
2024-01-08T00:00:00.000Z,89.51,99.9,83.94,97.94,848885.5697404547,32600
2024-01-09T00:00:00.000Z,97.93,104.0,92.22,99.55,824154.1613939563,30723
2024-01-10T00:00:00.000Z,99.39,105.62,92.19,102.04,777130.9124571983,27359
2024-01-11T00:00:00.000Z,102.02,107.26,97.6,99.88,736879.8638707282,27416
2024-01-12T00:00:00.000Z,99.93,100.6,86.88,92.01,988355.8945774277,26414
2024-01-13T00:00:00.000Z,92.12,97.43,89.53,95.87,512622.0568982522,14511
2024-01-14T00:00:00.000Z,95.84,103.13,93.71,93.86,722451.1749503165,21408
2024-01-15T00:00:00.000Z,93.78,96.87,92.95,94.34,463981.2737823811,12003
2024-01-16T00:00:00.000Z,94.49,98.7,94.09,97.57,324546.5929365338,11241
2024-01-17T00:00:00.000Z,97.69,102.77,96.99,102.12,913344.5915510056,27079
2024-01-18T00:00:00.000Z,102.1,103.39,91.38,94.3,681879.875062423,19370
2024-01-19T00:00:00.000Z,94.31,95.6,87.0,93.6,874616.8018470238,22959
2024-01-20T00:00:00.000Z,93.6,94.15,89.5,92.63,300449.0992760738,9632
2024-01-21T00:00:00.000Z,92.72,93.85,90.7,90.96,243255.6943486333,6873
2024-01-22T00:00:00.000Z,90.95,91.83,82.0,83.75,635680.5312269544,20376
2024-01-23T00:00:00.000Z,83.7,85.92,78.96,84.28,650755.7592330775,18471
2024-01-24T00:00:00.000Z,84.28,89.36,83.32,88.74,546855.0150080431,14829
2024-01-25T00:00:00.000Z,88.73,89.54,85.05,86.85,589727.5485844398,13637
2024-01-26T00:00:00.000Z,86.82,93.69,86.02,92.21,647831.8223314697,17542
2024-01-27T00:00:00.000Z,92.24,94.82,90.64,94.23,402550.4410351933,12450
2024-01-28T00:00:00.000Z,94.24,99.42,93.45,95.96,719404.7282482744,22130
2024-01-29T00:00:00.000Z,95.99,102.0,95.06,101.66,882883.5432756376,23132
2024-01-30T00:00:00.000Z,101.73,106.47,100.96,101.4,1084207.2354079008,25527
2024-01-31T00:00:00.000Z,101.38,102.8,95.01,96.85,1306615.4174692195,29810
2024-02-01T00:00:00.000Z,96.83,98.0,92.95,97.8,769437.8895146153,18096
2024-02-02T00:00:00.000Z,97.85,102.46,97.39,100.47,902385.0523589896,19231
2024-02-03T00:00:00.000Z,100.57,101.16,96.69,97.87,404436.5514832835,8766
2024-02-04T00:00:00.000Z,97.87,98.58,95.1,95.39,336129.4738423692,9220
2024-02-05T00:00:00.000Z,95.39,98.55,94.18,95.52,502860.5043633367,12404
2024-02-06T00:00:00.000Z,95.51,97.86,93.17,96.83,573964.1680028368,14071
2024-02-07T00:00:00.000Z,96.83,101.46,94.6,101.1,489465.5182672544,12909
2024-02-08T00:00:00.000Z,101.1,104.94,100.56,102.78,688213.6918161017,18380
2024-02-09T00:00:00.000Z,102.8,109.1,102.79,106.99,1046499.3010170629,25598
2024-02-10T00:00:00.000Z,106.99,110.99,106.93,109.19,599991.8416620706,17909
2024-02-11T00:00:00.000Z,109.09,110.65,107.33,107.46,362470.2482500619,10823
2024-02-12T00:00:00.000Z,107.45,112.28,103.38,111.8,863774.8408129356,27594
2024-02-13T00:00:00.000Z,111.85,115.08,108.29,112.6,655490.6222889675,23069
2024-02-14T00:00:00.000Z,112.61,118.7,110.71,117.07,616383.4857910072,20652
2024-02-15T00:00:00.000Z,117.13,118.41,110.02,113.58,686366.329816993,24078
2024-02-16T00:00:00.000Z,113.58,114.25,108.0,110.38,426438.5018984353,15552
2024-02-17T00:00:00.000Z,110.32,111.07,105.64,108.97,276511.0614285215,13708
2024-02-18T00:00:00.000Z,108.96,114.0,107.6,112.26,382114.5509159749,14144
2024-02-19T00:00:00.000Z,112.28,114.98,110.85,111.54,374150.8748744358,11758
2024-02-20T00:00:00.000Z,111.54,112.08,103.65,108.4,520950.8497787404,16768
2024-02-21T00:00:00.000Z,108.39,108.4,100.27,105.08,472602.078971723,18861
2024-02-22T00:00:00.000Z,105.08,107.03,101.42,101.72,471457.5131291927,13461
2024-02-23T00:00:00.000Z,101.63,103.0,98.77,99.83,261808.7398867313,11090
2024-02-24T00:00:00.000Z,99.86,104.75,98.54,104.08,295275.2090832517,8967
2024-02-25T00:00:00.000Z,104.07,104.33,102.09,103.47,185140.6574110909,6258
2024-02-26T00:00:00.000Z,103.45,110.77,100.35,109.92,782135.0184199372,20641
2024-02-27T00:00:00.000Z,109.91,112.93,105.41,108.46,571679.5546200833,19942
2024-02-28T00:00:00.000Z,108.44,118.97,107.43,118.97,1313590.1315266378,43052
2024-02-29T00:00:00.000Z,118.97,134.61,117.26,125.67,1611303.0460172454,66950
2024-03-01T00:00:00.000Z,125.74,137.75,125.74,129.5,1005804.8733937916,35140
2024-03-02T00:00:00.000Z,129.51,131.5,127.5,130.06,628383.2655560442,25105
2024-03-03T00:00:00.000Z,130.06,132.32,125.0,130.29,558763.1112407479,19916
2024-03-04T00:00:00.000Z,130.29,135.0,127.85,133.42,830411.1565632564,30716
2024-03-05T00:00:00.000Z,133.51,142.64,110.1,125.56,1709471.9680984684,67749
2024-03-06T00:00:00.000Z,125.56,134.88,120.29,130.91,881095.8847053132,30631
2024-03-07T00:00:00.000Z,130.91,149.5,130.8,144.04,980149.1175368184,40196
2024-03-08T00:00:00.000Z,144.04,152.86,141.2,145.09,795793.7671433677,37297
2024-03-09T00:00:00.000Z,145.12,149.45,144.04,144.57,275700.6702437267,15216
2024-03-10T00:00:00.000Z,144.54,148.78,140.61,144.58,273250.5734584979,16585
2024-03-11T00:00:00.000Z,144.58,150.05,137.25,148.79,423818.728936339,24435
2024-03-12T00:00:00.000Z,148.8,154.99,141.87,151.05,655396.5653438732,32856
2024-03-13T00:00:00.000Z,151.09,166.66,148.82,163.89,592481.1982662451,31227
2024-03-14T00:00:00.000Z,163.89,178.22,157.88,176.51,933297.216802872,52111
2024-03-15T00:00:00.000Z,176.57,189.0,165.2,183.7,1494177.0395464348,74191
2024-03-16T00:00:00.000Z,183.86,197.7,177.0,181.91,1073285.6246882533,60841
2024-03-17T00:00:00.000Z,181.84,204.59,178.55,201.69,846146.6401837142,45350
2024-03-18T00:00:00.000Z,201.65,209.99,193.74,195.88,828241.6095163821,48601
2024-03-19T00:00:00.000Z,195.88,198.5,165.15,169.99,1675562.6809179108,79552
2024-03-20T00:00:00.000Z,169.83,193.19,162.5,191.9,1222818.0525460737,64341
2024-03-21T00:00:00.000Z,191.73,196.0,175.76,179.51,1021647.8592388876,45467
2024-03-22T00:00:00.000Z,179.41,181.76,167.69,175.03,547088.8489082425,26766
2024-03-23T00:00:00.000Z,175.08,178.9,169.85,172.74,458109.9785023819,21623
2024-03-24T00:00:00.000Z,172.71,186.74,171.35,183.67,627265.5150131913,23020
2024-03-25T00:00:00.000Z,183.83,194.5,181.01,189.05,728120.8024260172,32708
2024-03-26T00:00:00.000Z,189.02,196.5,186.26,190.45,478560.5269376382,25424
2024-03-27T00:00:00.000Z,190.45,192.77,180.2,186.21,501967.8023427904,30251
2024-03-28T00:00:00.000Z,186.21,190.84,180.59,189.69,463985.0508037906,26669
2024-03-29T00:00:00.000Z,189.65,192.98,183.34,192.26,420796.5952196222,21973
2024-03-30T00:00:00.000Z,192.21,200.0,191.01,194.3,427642.2982660647,23331
2024-03-31T00:00:00.000Z,194.3,203.1,193.83,202.6,251526.5507034482,16417
